"id_unique","bi03_no","bi03a","bi03b","bi03c","wgt"
"S10_1",1,1,1,100,1355
"S10_12",1,1,1,100,1355
"S10_15",1,1,1,100,1355
"S10_22",1,1,1,100,1355
"S10_28",1,1,1,100,1355
"S10_40",1,1,1,100,1355
"S10_42",1,1,1,100,1355
"S10_45",1,1,1,50,1355
"S10_45",2,4,1,50,1355
"S10_50",1,1,1,100,1355
"S10_52",1,1,1,100,1355
"S10_55",1,1,1,100,1355
"S10_58",1,1,1,100,1355
"S10_66",1,1,1,50,1355
"S10_66",2,2,3,50,1355
"S10_72",1,3,3,75,1355
"S10_72",2,1,1,25,1355
"S10_73",1,1,1,100,1355
"S10_77",1,1,1,100,1355
"S11_122",1,1,3,50,1082
"S11_122",2,2,1,50,1082
"S11_137",1,1,3,100,1082
"S11_139",1,1,3,100,1082
"S11_143",1,1,3,100,1082
"S11_156",1,1,3,100,1082
"S11_2",1,1,3,50,1082
"S11_2",2,2,1,50,1082
"S11_3",1,1,3,50,1082
"S11_3",2,2,1,50,1082
"S11_4",2,3,1,25,1082
"S11_4",1,1,3,50,1082
"S11_4",3,3,3,25,1082
"S11_43",1,1,3,50,1082
"S11_43",2,2,1,50,1082
"S11_48",1,1,3,100,1082
"S11_53",1,3,3,100,1082
"S11_55",1,1,3,50,1082
"S11_55",2,2,1,50,1082
"S11_56",1,1,3,50,1082
"S11_56",2,2,1,50,1082
"S11_65",1,1,3,34,1082
"S11_65",2,3,1,33,1082
"S11_65",3,3,3,33,1082
"S11_68",1,1,3,100,1082
"S11_78",2,2,1,50,1082
"S11_78",1,1,3,50,1082
"S12_1",1,1,1,100,1454
"S12_11",1,1,1,50,1454
"S12_11",2,4,1,50,1454
"S12_23",2,2,3,50,1454
"S12_23",1,1,1,50,1454
"S12_26",1,1,1,100,1454
"S12_32",1,3,3,100,1454
"S12_33",1,1,1,100,1454
"S12_37",1,1,1,50,1454
"S12_37",2,3,1,50,1454
"S12_5",1,1,1,100,1454
"S12_51",1,1,1,100,1454
"S12_54",1,1,1,100,1454
"S12_62",1,1,1,100,1454
"S12_63",1,1,1,50,1454
"S12_63",2,2,3,50,1454
"S12_70",1,1,1,100,1454
"S12_77",1,1,1,100,1454
"S12_78",1,1,1,100,1454
"S12_91",1,1,1,100,1454
"S13_107",1,1,3,100,5808
"S13_108",1,1,3,100,5808
"S13_109",1,1,3,100,5808
"S13_110",1,1,3,100,5808
"S13_111",1,1,3,100,5808
"S13_118",1,1,3,100,5808
"S13_120",3,3,1,20,5808
"S13_120",2,3,3,30,5808
"S13_120",1,1,3,50,5808
"S13_121",1,1,3,100,5808
"S13_122",1,1,3,100,5808
"S13_123",1,1,3,100,5808
"S13_13",1,1,3,100,5808
"S13_139",1,1,3,50,5808
"S13_139",2,3,1,50,5808
"S13_144",2,2,1,30,5808
"S13_144",1,1,3,70,5808
"S13_17",1,1,3,100,5808
"S13_24",1,1,3,40,5808
"S13_24",2,3,3,60,5808
"S13_28",1,1,3,100,5808
"S13_42",1,1,3,100,5808
"S13_46",1,1,3,100,5808
"S13_53",1,1,3,100,5808
"S13_54",1,1,3,100,5808
"S13_59",1,1,3,100,5808
"S13_78",1,1,3,100,5808
"S13_83",1,1,3,100,5808
"S13_98",1,1,3,100,5808
"S14_118",1,1,1,100,5858
"S14_119",1,1,1,100,5858
"S14_12",1,1,1,50,5858
"S14_12",2,5,1,50,5858
"S14_120",1,1,1,100,5858
"S14_130",1,1,1,100,5858
"S14_145",1,1,1,100,5858
"S14_155",1,1,1,100,5858
"S14_161",1,1,1,100,5858
"S14_174",1,1,1,100,5858
"S14_177",1,1,1,100,5858
"S14_183",1,1,1,100,5858
"S14_189",1,1,1,100,5858
"S14_206",1,1,1,100,5858
"S14_21",1,3,1,100,5858
"S14_212",1,1,1,100,5858
"S14_223",1,1,1,100,5858
"S14_224",2,3,1,60,5858
"S14_224",1,1,1,40,5858
"S14_243",1,1,1,100,5858
"S14_262",2,2,3,50,5858
"S14_262",1,1,1,50,5858
"S14_263",1,1,1,50,5858
"S14_263",2,2,3,50,5858
"S14_266",1,1,1,100,5858
"S14_269",1,1,1,100,5858
"S14_272",1,1,1,100,5858
"S14_283",1,1,1,100,5858
"S14_292",1,1,1,100,5858
"S14_294",1,1,1,100,5858
"S14_295",1,1,1,100,5858
"S14_305",1,1,1,100,5858
"S14_312",1,1,1,100,5858
"S14_329",1,1,1,100,5858
"S14_333",1,1,1,100,5858
"S14_48",2,2,3,50,5858
"S14_48",1,1,1,50,5858
"S14_53",1,1,1,100,5858
"S14_54",1,1,1,100,5858
"S14_58",1,1,1,100,5858
"S14_59",1,1,1,50,5858
"S14_59",2,2,3,50,5858
"S14_6",1,1,1,100,5858
"S14_67",1,1,1,100,5858
"S14_68",1,1,1,100,5858
"S14_79",1,1,1,100,5858
"S14_8",1,1,1,50,5858
"S14_8",2,2,3,50,5858
"S14_84",1,1,1,100,5858
"S14_86",1,1,1,100,5858
"S14_96",2,4,1,60,5858
"S14_96",1,1,1,40,5858
"S15_13",1,1,3,100,184
"S15_17",1,1,3,100,184
"S15_21",1,1,3,100,184
"S15_27",1,1,3,100,184
"S15_34",1,1,3,100,184
"S15_38",1,1,3,50,184
"S15_38",2,2,1,50,184
"S15_44",1,1,3,50,184
"S15_44",2,2,1,50,184
"S15_45",1,1,3,100,184
"S15_48",1,1,3,100,184
"S15_5",1,1,3,100,184
"S15_50",1,1,3,100,184
"S15_52",1,1,3,100,184
"S15_53",1,1,3,100,184
"S15_59",2,2,1,50,184
"S15_59",1,1,3,50,184
"S15_95",1,1,3,100,184
"S15_96",2,2,1,50,184
"S15_96",1,1,3,50,184
"S16_15",1,1,1,100,377
"S16_16",1,1,1,100,377
"S16_18",1,1,1,50,377
"S16_18",2,2,3,50,377
"S16_23",1,1,1,100,377
"S16_27",1,1,1,100,377
"S16_30",1,1,1,100,377
"S16_32",1,1,1,100,377
"S16_4",1,1,1,100,377
"S16_5",1,1,1,100,377
"S16_50",1,1,1,100,377
"S16_52",1,1,1,100,377
"S16_56",1,1,1,15,377
"S16_56",5,3,3,15,377
"S16_56",7,3,3,10,377
"S16_56",6,3,3,15,377
"S16_56",3,2,3,15,377
"S16_56",4,3,1,15,377
"S16_56",2,3,1,15,377
"S16_6",1,1,1,100,377
"S16_63",1,1,1,100,377
"S16_75",1,1,1,100,377
"S16_79",1,1,1,100,377
"S17_101",1,1,3,100,1145
"S17_107",1,1,3,100,1145
"S17_117",1,1,3,100,1145
"S17_144",1,1,3,100,1145
"S17_150",1,1,1,100,1145
"S17_159",1,1,3,50,1145
"S17_159",2,2,1,50,1145
"S17_2",1,1,3,100,1145
"S17_28",1,1,3,100,1145
"S17_35",1,1,3,40,1145
"S17_35",2,2,1,60,1145
"S17_57",1,1,3,100,1145
"S17_62",1,1,3,100,1145
"S17_74",1,1,3,100,1145
"S17_80",1,1,1,100,1145
"S17_81",1,1,3,100,1145
"S17_82",1,1,3,60,1145
"S17_82",2,2,1,40,1145
"S17_83",1,1,3,100,1145
"S18_111",1,1,1,100,1608
"S18_123",1,1,1,100,1608
"S18_136",1,1,1,100,1608
"S18_141",1,1,1,50,1608
"S18_141",2,2,3,50,1608
"S18_142",1,1,1,100,1608
"S18_145",1,1,1,100,1608
"S18_151",1,1,1,100,1608
"S18_158",1,1,1,100,1608
"S18_159",1,1,1,100,1608
"S18_17",1,1,1,100,1608
"S18_24",1,1,1,100,1608
"S18_35",1,1,1,100,1608
"S18_44",2,2,3,50,1608
"S18_44",1,1,1,50,1608
"S18_5",1,1,1,100,1608
"S18_60",1,1,1,100,1608
"S18_71",1,1,1,100,1608
"S19_101",2,2,1,50,700
"S19_101",1,1,3,50,700
"S19_103",1,1,3,100,700
"S19_116",1,1,3,50,700
"S19_116",2,2,1,50,700
"S19_133",2,2,1,50,700
"S19_133",1,1,3,50,700
"S19_143",1,1,3,100,700
"S19_146",2,2,1,50,700
"S19_146",1,1,3,50,700
"S19_157",1,1,3,100,700
"S19_16",2,2,1,50,700
"S19_16",1,1,3,50,700
"S19_2",1,1,3,100,700
"S19_31",1,1,3,100,700
"S19_378",1,1,3,100,700
"S19_39",1,1,3,100,700
"S19_60",2,2,1,50,700
"S19_60",1,1,3,50,700
"S19_8",1,1,3,100,700
"S19_80",1,1,3,100,700
"S19_90",1,1,3,50,700
"S19_90",2,2,1,50,700
"S1_104",2,2,1,60,5828
"S1_104",1,1,3,40,5828
"S1_105",1,1,3,100,5828
"S1_122",1,1,3,100,5828
"S1_130",1,1,3,100,5828
"S1_136",1,1,3,100,5828
"S1_148",2,2,1,50,5828
"S1_148",1,1,3,50,5828
"S1_153",1,1,3,100,5828
"S1_16",1,1,3,50,5828
"S1_16",2,3,3,50,5828
"S1_167",1,1,3,100,5828
"S1_170",1,1,3,33,5828
"S1_170",2,3,1,33,5828
"S1_170",3,3,3,34,5828
"S1_172",1,1,3,100,5828
"S1_181",1,1,3,100,5828
"S1_19",1,1,3,100,5828
"S1_192",1,1,3,100,5828
"S1_211",1,1,3,100,5828
"S1_213",1,1,3,100,5828
"S1_23",1,1,3,100,5828
"S1_247",1,1,3,100,5828
"S1_251",1,1,3,100,5828
"S1_285",1,1,3,50,5828
"S1_285",2,2,1,50,5828
"S1_30",1,1,3,100,5828
"S1_39",1,1,3,100,5828
"S1_53",1,1,3,100,5828
"S1_58",1,1,3,100,5828
"S1_66",1,2,1,100,5828
"S1_68",1,1,3,100,5828
"S1_72",1,1,3,100,5828
"S1_75",1,1,3,100,5828
"S1_9",1,1,3,100,5828
"S1_96",1,1,3,100,5828
"S1_97",1,1,3,100,5828
"S1_99",1,2,1,100,5828
"S20_10",1,1,1,100,783
"S20_103",2,3,1,50,783
"S20_103",1,1,1,50,783
"S20_112",1,1,1,100,783
"S20_117",1,1,1,100,783
"S20_33",1,1,1,100,783
"S20_331",1,1,1,100,783
"S20_332",1,1,1,100,783
"S20_35",1,1,1,50,783
"S20_35",2,2,3,50,783
"S20_362",1,1,1,100,783
"S20_37",1,1,1,100,783
"S20_4",1,1,1,100,783
"S20_53",1,1,1,100,783
"S20_54",1,1,1,100,783
"S20_58",1,1,1,100,783
"S20_88",1,1,1,100,783
"S20_89",1,1,1,100,783
"S20_94",1,1,1,100,783
"S21_1",1,1,3,100,5724
"S21_130",1,1,3,100,5724
"S21_16",1,1,3,100,5724
"S21_167",1,1,3,100,5724
"S21_17",1,1,3,100,5724
"S21_212",1,1,3,100,5724
"S21_219",1,1,3,100,5724
"S21_22",1,1,3,100,5724
"S21_229",1,1,3,100,5724
"S21_312",1,1,3,50,5724
"S21_312",2,2,1,50,5724
"S21_317",1,1,3,100,5724
"S21_354",1,1,3,100,5724
"S21_362",1,1,3,50,5724
"S21_362",2,2,1,50,5724
"S21_378",2,3,3,50,5724
"S21_378",1,1,3,50,5724
"S21_4",1,1,3,100,5724
"S21_43",1,1,3,100,5724
"S21_44",1,1,3,100,5724
"S21_49",1,1,3,100,5724
"S21_54",1,1,3,100,5724
"S21_60",1,1,3,40,5724
"S21_60",3,3,1,30,5724
"S21_60",2,3,1,30,5724
"S21_64",1,1,3,100,5724
"S21_72",1,1,3,100,5724
"S22_118",1,1,1,50,5777
"S22_118",2,3,3,50,5777
"S22_122",2,3,1,50,5777
"S22_122",1,1,1,50,5777
"S22_124",1,1,1,100,5777
"S22_128",1,1,1,100,5777
"S22_134",1,1,1,100,5777
"S22_140",1,1,1,100,5777
"S22_158",1,1,1,100,5777
"S22_159",1,1,1,100,5777
"S22_16",1,1,1,100,5777
"S22_161",2,2,3,50,5777
"S22_161",1,1,1,50,5777
"S22_164",1,1,1,100,5777
"S22_165",1,1,1,100,5777
"S22_174",1,1,1,100,5777
"S22_177",1,1,1,100,5777
"S22_183",1,1,1,100,5777
"S22_20",1,1,1,50,5777
"S22_20",2,3,3,50,5777
"S22_201",1,1,1,100,5777
"S22_213",1,1,1,100,5777
"S22_224",1,1,1,100,5777
"S22_231",1,1,1,100,5777
"S22_239",1,1,1,100,5777
"S22_254",1,1,1,100,5777
"S22_293",1,1,1,100,5777
"S22_34",1,1,1,100,5777
"S22_35",1,1,1,100,5777
"S22_4",1,1,1,100,5777
"S22_46",1,1,1,100,5777
"S22_6",1,1,1,100,5777
"S22_77",1,1,1,100,5777
"S22_79",1,1,1,100,5777
"S22_80",1,1,1,100,5777
"S22_9",1,1,1,100,5777
"S22_92",2,5,1,30,5777
"S22_92",1,1,1,70,5777
"S22_97",1,1,1,100,5777
"S23_10",1,1,3,100,163
"S23_11",1,1,3,100,163
"S23_16",1,1,3,100,163
"S23_17",1,1,3,100,163
"S23_18",1,2,1,100,163
"S23_20",1,1,3,100,163
"S23_22",1,1,3,100,163
"S23_26",1,1,3,100,163
"S23_28",1,1,3,100,163
"S23_29",1,1,3,100,163
"S23_30",1,1,3,100,163
"S23_31",1,1,3,100,163
"S23_35",1,1,3,100,163
"S23_37",1,1,3,100,163
"S23_49",2,2,1,50,163
"S23_49",1,1,3,50,163
"S23_56",1,1,3,100,163
"S24_110",1,1,1,100,286
"S24_141",1,1,1,100,286
"S24_16",1,1,1,80,286
"S24_16",2,4,1,20,286
"S24_22",1,1,1,100,286
"S24_23",1,1,1,100,286
"S24_38",2,2,3,50,286
"S24_38",1,1,1,50,286
"S24_39",1,1,1,100,286
"S24_45",1,1,1,100,286
"S24_50",1,1,1,100,286
"S24_55",1,1,1,100,286
"S24_58",1,1,1,100,286
"S24_6",1,1,1,100,286
"S24_71",1,1,1,100,286
"S24_75",1,1,1,100,286
"S24_80",1,1,1,100,286
"S24_90",2,2,3,50,286
"S24_90",1,1,1,50,286
"S25_114",1,1,3,100,1174
"S25_130",1,1,3,100,1174
"S25_142",2,2,1,50,1174
"S25_142",1,1,3,50,1174
"S25_16",1,1,3,100,1174
"S25_18",1,1,3,50,1174
"S25_18",2,2,1,50,1174
"S25_20",1,1,3,100,1174
"S25_21",1,1,3,100,1174
"S25_32",1,1,3,100,1174
"S25_42",1,1,3,50,1174
"S25_42",2,2,1,50,1174
"S25_45",1,1,3,100,1174
"S25_53",1,1,3,100,1174
"S25_56",1,1,3,100,1174
"S25_61",2,2,1,50,1174
"S25_61",1,1,3,50,1174
"S25_73",1,1,3,100,1174
"S25_92",1,1,3,100,1174
"S25_99",1,1,3,100,1174
"S26_1",1,1,1,100,1332
"S26_11",1,1,1,100,1332
"S26_126",1,1,1,100,1332
"S26_127",1,1,1,100,1332
"S26_141",1,1,1,100,1332
"S26_156",1,1,1,100,1332
"S26_17",1,1,1,100,1332
"S26_27",1,1,1,100,1332
"S26_33",1,1,1,100,1332
"S26_34",1,1,1,100,1332
"S26_36",1,1,1,100,1332
"S26_37",1,1,1,100,1332
"S26_56",1,1,1,100,1332
"S26_64",1,1,1,100,1332
"S26_71",1,1,1,100,1332
"S26_79",1,1,1,100,1332
"S27_1",1,1,3,100,1464
"S27_105",1,1,3,100,1464
"S27_12",2,1,3,50,1464
"S27_12",1,2,1,50,1464
"S27_15",2,1,3,30,1464
"S27_15",1,2,1,70,1464
"S27_16",2,1,3,50,1464
"S27_16",1,2,1,50,1464
"S27_19",1,1,3,100,1464
"S27_20",1,2,1,50,1464
"S27_20",2,1,3,50,1464
"S27_23",1,1,3,50,1464
"S27_23",2,2,1,50,1464
"S27_33",2,1,3,50,1464
"S27_33",1,2,1,50,1464
"S27_35",1,1,3,100,1464
"S27_39",1,1,3,100,1464
"S27_46",1,1,3,100,1464
"S27_6",2,1,3,50,1464
"S27_6",1,2,1,50,1464
"S27_63",1,1,3,100,1464
"S27_80",1,1,3,100,1464
"S27_9",2,2,1,50,1464
"S27_9",1,1,3,50,1464
"S28_1",1,1,1,100,1588
"S28_11",1,1,1,100,1588
"S28_126",1,1,1,100,1588
"S28_128",1,1,1,100,1588
"S28_13",1,1,1,100,1588
"S28_21",1,1,1,100,1588
"S28_24",1,1,1,50,1588
"S28_24",2,2,3,50,1588
"S28_26",1,1,1,100,1588
"S28_32",1,1,1,100,1588
"S28_37",1,1,1,100,1588
"S28_50",1,1,1,100,1588
"S28_59",1,1,1,100,1588
"S28_61",1,1,1,100,1588
"S28_65",1,1,1,100,1588
"S28_7",1,1,1,100,1588
"S28_8",1,1,1,100,1588
"S29_1",1,1,3,100,5960
"S29_10",1,1,3,100,5960
"S29_110",2,3,3,50,5960
"S29_110",1,1,3,50,5960
"S29_122",1,1,3,100,5960
"S29_126",1,1,3,100,5960
"S29_128",1,1,3,100,5960
"S29_13",1,1,3,100,5960
"S29_133",2,3,1,50,5960
"S29_133",1,1,3,50,5960
"S29_138",1,1,3,100,5960
"S29_141",1,1,3,100,5960
"S29_151",1,1,3,100,5960
"S29_152",1,1,3,100,5960
"S29_157",1,1,3,100,5960
"S29_16",1,1,3,100,5960
"S29_17",1,1,3,100,5960
"S29_171",1,1,3,100,5960
"S29_174",1,1,3,100,5960
"S29_186",1,1,3,100,5960
"S29_187",1,1,3,100,5960
"S29_194",1,1,3,100,5960
"S29_195",1,1,3,100,5960
"S29_197",1,1,3,50,5960
"S29_197",2,2,1,50,5960
"S29_203",1,1,3,100,5960
"S29_208",1,1,3,100,5960
"S29_21",1,1,3,100,5960
"S29_215",1,1,3,100,5960
"S29_221",1,1,3,100,5960
"S29_223",1,1,3,100,5960
"S29_230",1,1,3,100,5960
"S29_255",1,2,1,100,5960
"S29_262",1,1,3,100,5960
"S29_39",1,1,3,100,5960
"S29_4",1,1,3,100,5960
"S29_46",1,1,3,50,5960
"S29_46",2,2,1,50,5960
"S29_57",1,1,3,100,5960
"S29_58",2,3,1,50,5960
"S29_58",1,1,3,50,5960
"S29_64",1,1,3,100,5960
"S29_69",1,1,3,50,5960
"S29_69",2,2,1,50,5960
"S29_8",1,1,3,100,5960
"S29_81",1,1,3,100,5960
"S29_83",1,1,3,100,5960
"S29_84",1,1,3,50,5960
"S29_84",2,3,3,50,5960
"S29_86",2,2,1,50,5960
"S29_86",1,1,3,50,5960
"S29_88",2,3,3,50,5960
"S29_88",1,1,3,50,5960
"S29_89",1,1,3,100,5960
"S29_91",1,1,3,50,5960
"S29_91",2,2,1,50,5960
"S2_103",1,1,1,100,6034
"S2_110",1,1,1,100,6034
"S2_12",1,1,1,50,6034
"S2_12",2,2,3,50,6034
"S2_126",1,1,1,100,6034
"S2_135",1,1,1,100,6034
"S2_14",1,1,1,100,6034
"S2_167",1,1,1,100,6034
"S2_17",1,1,1,100,6034
"S2_179",1,1,1,100,6034
"S2_184",1,1,1,100,6034
"S2_193",1,1,1,100,6034
"S2_196",1,1,1,100,6034
"S2_20",1,1,1,100,6034
"S2_225",1,1,1,100,6034
"S2_229",1,1,1,100,6034
"S2_257",1,1,1,100,6034
"S2_260",1,1,1,100,6034
"S2_270",1,1,1,100,6034
"S2_273",1,1,1,100,6034
"S2_275",2,4,3,50,6034
"S2_275",1,1,1,50,6034
"S2_284",1,1,1,100,6034
"S2_289",1,1,1,100,6034
"S2_294",1,3,3,100,6034
"S2_335",1,1,1,100,6034
"S2_360",1,1,1,100,6034
"S2_375",1,1,1,100,6034
"S2_396",1,1,1,100,6034
"S2_41",1,1,1,100,6034
"S2_420",1,1,1,100,6034
"S2_470",1,1,1,100,6034
"S2_471",1,1,1,100,6034
"S2_476",1,1,1,100,6034
"S2_483",1,1,1,100,6034
"S2_49",1,1,1,100,6034
"S2_509",1,1,1,100,6034
"S2_60",1,1,1,100,6034
"S2_604",1,4,1,100,6034
"S2_63",1,1,1,100,6034
"S2_643",1,1,1,100,6034
"S2_654",1,1,1,100,6034
"S2_66",1,1,1,100,6034
"S2_687",1,1,1,100,6034
"S2_83",1,1,1,100,6034
"S2_84",1,1,1,100,6034
"S30_100",1,1,1,100,5851
"S30_106",1,1,1,100,5851
"S30_116",1,1,1,100,5851
"S30_118",1,1,1,100,5851
"S30_124",1,1,1,100,5851
"S30_129",1,1,1,100,5851
"S30_131",1,1,1,100,5851
"S30_135",1,1,1,100,5851
"S30_15",1,1,1,100,5851
"S30_160",1,1,1,100,5851
"S30_165",1,1,1,100,5851
"S30_170",1,1,1,100,5851
"S30_174",1,1,1,100,5851
"S30_175",1,1,1,100,5851
"S30_178",1,1,1,100,5851
"S30_180",1,1,1,100,5851
"S30_184",1,1,1,100,5851
"S30_204",1,1,1,100,5851
"S30_208",1,1,1,100,5851
"S30_213",1,1,1,100,5851
"S30_220",1,1,1,100,5851
"S30_221",1,1,1,100,5851
"S30_250",1,1,1,100,5851
"S30_26",1,1,1,100,5851
"S30_270",1,1,1,100,5851
"S30_283",1,1,1,100,5851
"S30_292",1,1,1,100,5851
"S30_3",1,2,1,50,5851
"S30_3",2,1,3,50,5851
"S30_310",1,1,1,100,5851
"S30_313",1,1,1,100,5851
"S30_318",1,1,1,100,5851
"S30_319",1,1,1,100,5851
"S30_337",1,1,1,100,5851
"S30_342",1,1,1,100,5851
"S30_35",1,1,1,100,5851
"S30_355",1,1,1,100,5851
"S30_368",1,1,1,100,5851
"S30_369",1,1,1,100,5851
"S30_373",1,1,1,100,5851
"S30_376",1,1,1,100,5851
"S30_38",1,1,1,100,5851
"S30_395",1,1,1,100,5851
"S30_400",1,1,1,100,5851
"S30_403",1,1,1,100,5851
"S30_410",1,1,1,100,5851
"S30_414",1,1,1,100,5851
"S30_423",1,1,1,100,5851
"S30_427",1,1,1,100,5851
"S30_431",1,1,1,100,5851
"S30_442",1,1,1,100,5851
"S30_447",1,1,1,100,5851
"S30_463",1,1,3,100,5851
"S30_474",1,1,1,100,5851
"S30_487",1,1,1,100,5851
"S30_499",1,1,1,100,5851
"S30_50",1,1,1,100,5851
"S30_503",1,1,1,100,5851
"S30_506",1,1,1,100,5851
"S30_550",2,2,3,50,5851
"S30_550",1,1,1,50,5851
"S30_556",1,1,1,100,5851
"S30_559",1,1,1,100,5851
"S30_56",1,1,1,100,5851
"S30_572",1,1,1,50,5851
"S30_572",2,2,3,50,5851
"S30_6",1,1,1,50,5851
"S30_6",2,3,1,50,5851
"S30_64",1,1,1,100,5851
"S30_67",1,1,1,100,5851
"S30_72",1,1,1,100,5851
"S30_80",1,1,1,100,5851
"S30_81",1,1,1,100,5851
"S30_89",1,1,1,100,5851
"S30_96",1,1,1,100,5851
"S30_98",2,2,3,50,5851
"S30_98",1,1,1,50,5851
"S31_16",1,1,3,100,311
"S31_17",1,1,3,50,311
"S31_17",2,3,3,50,311
"S31_26",1,1,3,100,311
"S31_28",1,1,3,50,311
"S31_28",2,2,1,50,311
"S31_29",1,1,3,50,311
"S31_29",2,2,1,50,311
"S31_34",1,1,3,100,311
"S31_39",1,1,3,100,311
"S31_40",1,1,3,100,311
"S31_43",2,3,3,50,311
"S31_43",1,1,3,50,311
"S31_52",1,1,3,100,311
"S31_57",2,2,1,50,311
"S31_57",1,1,3,50,311
"S31_66",1,1,3,100,311
"S31_68",2,2,1,50,311
"S31_68",1,1,3,50,311
"S31_78",1,1,3,100,311
"S31_8",1,1,3,100,311
"S31_89",1,1,3,100,311
"S32_108",1,1,1,100,520
"S32_18",1,1,1,33,520
"S32_18",3,4,1,34,520
"S32_18",2,4,1,33,520
"S32_19",2,2,3,50,520
"S32_19",1,1,1,50,520
"S32_20",1,1,1,100,520
"S32_24",1,1,1,100,520
"S32_28",1,1,1,100,520
"S32_31",1,1,1,100,520
"S32_34",1,1,1,100,520
"S32_35",1,1,1,100,520
"S32_38",1,1,1,100,520
"S32_4",2,2,3,50,520
"S32_4",1,1,1,50,520
"S32_47",1,1,1,100,520
"S32_48",1,1,1,100,520
"S32_6",1,1,1,100,520
"S32_76",1,1,1,100,520
"S32_94",1,1,1,100,520
"S33_109",1,1,3,100,3338
"S33_127",1,1,3,50,3338
"S33_127",2,2,1,50,3338
"S33_139",2,4,3,50,3338
"S33_139",1,1,3,50,3338
"S33_156",1,1,3,100,3338
"S33_160",1,1,3,50,3338
"S33_160",2,2,1,50,3338
"S33_18",1,1,3,100,3338
"S33_2",1,1,3,100,3338
"S33_22",1,1,3,100,3338
"S33_23",1,1,3,100,3338
"S33_35",1,1,3,100,3338
"S33_53",1,1,3,100,3338
"S33_59",1,1,3,100,3338
"S33_62",2,2,1,50,3338
"S33_62",1,1,3,50,3338
"S33_75",1,1,3,100,3338
"S33_84",1,1,3,70,3338
"S33_84",2,2,1,30,3338
"S33_88",1,1,3,100,3338
"S34_18",1,1,1,100,5449
"S34_21",1,1,1,100,5449
"S34_23",1,1,1,100,5449
"S34_28",1,1,1,100,5449
"S34_36",1,1,1,100,5449
"S34_37",1,1,1,100,5449
"S34_43",1,1,1,100,5449
"S34_52",2,2,3,50,5449
"S34_52",1,1,1,50,5449
"S34_55",1,1,1,100,5449
"S34_57",1,1,1,100,5449
"S34_62",1,1,1,100,5449
"S34_79",1,1,1,100,5449
"S34_8",1,1,1,100,5449
"S34_80",1,1,1,100,5449
"S34_90",1,1,1,100,5449
"S34_92",1,1,1,50,5449
"S34_92",2,2,3,50,5449
"S35_11",1,1,3,100,4741
"S35_12",1,1,3,50,4741
"S35_12",2,3,1,50,4741
"S35_18",1,1,3,100,4741
"S35_26",2,2,1,50,4741
"S35_26",1,1,3,50,4741
"S35_30",1,1,3,50,4741
"S35_30",2,2,1,50,4741
"S35_31",1,1,3,100,4741
"S35_35",1,1,3,100,4741
"S35_37",1,1,3,50,4741
"S35_37",2,3,1,50,4741
"S35_41",2,3,3,50,4741
"S35_41",1,1,3,50,4741
"S35_46",1,1,3,100,4741
"S35_48",1,3,1,100,4741
"S35_49",1,1,3,100,4741
"S35_52",1,1,3,50,4741
"S35_52",2,3,1,50,4741
"S35_56",1,1,3,100,4741
"S35_7",1,1,3,100,4741
"S35_81",2,2,1,50,4741
"S35_81",1,1,3,50,4741
"S36_1",1,1,1,100,5823
"S36_11",1,1,1,100,5823
"S36_12",1,1,1,100,5823
"S36_13",1,1,1,100,5823
"S36_16",1,1,1,100,5823
"S36_19",1,1,1,100,5823
"S36_20",1,1,1,100,5823
"S36_26",1,1,1,100,5823
"S36_28",1,1,1,100,5823
"S36_31",1,1,1,100,5823
"S36_36",1,1,1,100,5823
"S36_39",1,1,1,100,5823
"S36_41",1,1,1,100,5823
"S36_47",1,1,1,100,5823
"S36_5",1,1,1,100,5823
"S36_67",1,1,1,100,5823
"S36_8",1,1,1,100,5823
"S36_9",1,1,1,100,5823
"S37_1",1,1,3,100,5716
"S37_11",1,1,3,100,5716
"S37_114",1,1,3,100,5716
"S37_120",1,1,3,100,5716
"S37_122",1,1,3,100,5716
"S37_135",1,1,3,100,5716
"S37_1361",1,1,3,100,5716
"S37_1368",2,2,1,50,5716
"S37_1368",1,1,3,50,5716
"S37_1381",1,1,3,100,5716
"S37_139",1,1,3,50,5716
"S37_139",2,2,1,50,5716
"S37_140",1,1,3,100,5716
"S37_143",1,1,3,100,5716
"S37_144",1,1,3,100,5716
"S37_156",1,1,3,100,5716
"S37_164",1,1,3,100,5716
"S37_165",1,1,3,100,5716
"S37_170",2,2,1,50,5716
"S37_170",1,1,3,50,5716
"S37_2",1,1,3,100,5716
"S37_202",1,1,3,100,5716
"S37_205",1,1,3,50,5716
"S37_205",2,2,1,50,5716
"S37_210",1,1,1,100,5716
"S37_223",2,2,1,50,5716
"S37_223",1,1,3,50,5716
"S37_234",2,2,1,50,5716
"S37_234",1,1,3,50,5716
"S37_237",1,1,3,50,5716
"S37_237",2,2,1,50,5716
"S37_238",1,1,3,100,5716
"S37_240",2,2,1,50,5716
"S37_240",1,1,3,50,5716
"S37_246",1,1,3,100,5716
"S37_249",1,1,3,50,5716
"S37_249",2,2,1,50,5716
"S37_288",1,1,3,100,5716
"S37_29",1,1,3,100,5716
"S37_301",1,1,3,100,5716
"S37_313",1,2,1,100,5716
"S37_321",2,2,1,40,5716
"S37_321",1,1,3,60,5716
"S37_328",2,2,1,50,5716
"S37_328",1,1,3,50,5716
"S37_331",1,1,3,50,5716
"S37_331",2,2,1,50,5716
"S37_335",1,1,3,100,5716
"S37_340",1,1,3,100,5716
"S37_345",1,1,3,100,5716
"S37_352",1,1,3,100,5716
"S37_361",1,1,3,100,5716
"S37_365",1,1,3,100,5716
"S37_373",1,1,3,50,5716
"S37_373",2,2,1,50,5716
"S37_382",1,1,3,100,5716
"S37_387",1,1,3,100,5716
"S37_389",1,1,1,100,5716
"S37_4",1,1,3,100,5716
"S37_407",1,1,3,100,5716
"S37_412",1,1,3,100,5716
"S37_42",1,1,3,100,5716
"S37_430",1,1,3,100,5716
"S37_438",1,1,3,100,5716
"S37_450",1,1,3,50,5716
"S37_450",2,2,1,50,5716
"S37_459",1,1,3,100,5716
"S37_46",1,1,3,100,5716
"S37_496",1,1,3,100,5716
"S37_50",1,1,3,100,5716
"S37_54",1,1,3,100,5716
"S37_55",1,1,3,100,5716
"S37_65",1,1,3,100,5716
"S37_70",1,1,3,100,5716
"S37_74",1,1,3,100,5716
"S37_77",1,1,3,100,5716
"S37_81",1,1,3,25,5716
"S37_81",3,3,1,25,5716
"S37_81",2,3,3,25,5716
"S37_81",4,3,1,25,5716
"S37_84",1,1,3,100,5716
"S37_9",1,1,3,100,5716
"S37_96",1,1,3,100,5716
"S38_103",1,1,1,100,6340
"S38_104",1,1,1,100,6340
"S38_106",2,2,3,50,6340
"S38_106",1,1,1,50,6340
"S38_11",1,1,1,100,6340
"S38_111",1,1,1,100,6340
"S38_112",1,1,1,100,6340
"S38_118",1,1,1,100,6340
"S38_120",1,1,1,50,6340
"S38_120",2,2,3,50,6340
"S38_127",1,1,1,100,6340
"S38_128",2,2,3,50,6340
"S38_128",1,1,1,50,6340
"S38_132",1,1,1,50,6340
"S38_132",2,3,1,50,6340
"S38_136",1,1,1,100,6340
"S38_139",1,1,1,100,6340
"S38_140",1,1,1,100,6340
"S38_149",1,1,1,100,6340
"S38_152",1,1,1,100,6340
"S38_157",1,1,1,100,6340
"S38_17",1,1,1,100,6340
"S38_170",1,1,1,100,6340
"S38_171",1,1,1,100,6340
"S38_178",1,1,1,100,6340
"S38_18",1,1,1,100,6340
"S38_186",1,1,1,100,6340
"S38_188",1,1,1,100,6340
"S38_191",1,1,1,100,6340
"S38_197",1,1,1,50,6340
"S38_197",2,2,3,50,6340
"S38_202",1,1,1,100,6340
"S38_204",1,1,1,100,6340
"S38_207",1,1,1,100,6340
"S38_213",1,1,1,100,6340
"S38_226",1,1,1,100,6340
"S38_227",1,1,1,100,6340
"S38_229",1,1,1,100,6340
"S38_23",1,1,1,100,6340
"S38_237",1,1,1,100,6340
"S38_241",1,1,1,100,6340
"S38_242",1,1,1,100,6340
"S38_254",1,1,1,100,6340
"S38_255",1,1,1,100,6340
"S38_259",1,1,1,100,6340
"S38_263",1,1,1,100,6340
"S38_271",1,1,1,100,6340
"S38_275",1,1,3,100,6340
"S38_277",1,1,1,100,6340
"S38_279",1,1,1,100,6340
"S38_284",1,1,1,100,6340
"S38_285",1,1,1,100,6340
"S38_29",1,1,1,100,6340
"S38_292",1,1,1,100,6340
"S38_295",1,1,1,100,6340
"S38_296",1,1,1,100,6340
"S38_297",1,1,1,100,6340
"S38_298",1,1,1,100,6340
"S38_299",1,1,1,100,6340
"S38_305",1,1,1,100,6340
"S38_315",1,1,1,100,6340
"S38_316",1,1,1,100,6340
"S38_32",1,1,1,100,6340
"S38_330",1,1,1,100,6340
"S38_331",2,3,1,30,6340
"S38_331",1,1,1,50,6340
"S38_331",3,3,1,20,6340
"S38_334",1,1,1,100,6340
"S38_344",1,1,1,100,6340
"S38_345",2,4,1,50,6340
"S38_345",1,1,1,50,6340
"S38_355",1,1,1,100,6340
"S38_357",1,1,1,100,6340
"S38_360",1,1,1,100,6340
"S38_369",1,1,1,100,6340
"S38_372",1,1,1,100,6340
"S38_373",1,1,1,100,6340
"S38_38",1,1,1,100,6340
"S38_382",1,1,1,100,6340
"S38_389",1,1,1,100,6340
"S38_393",1,1,1,100,6340
"S38_398",1,1,1,100,6340
"S38_4",1,1,1,100,6340
"S38_401",1,1,1,100,6340
"S38_406",1,1,1,100,6340
"S38_407",1,1,1,100,6340
"S38_410",1,1,1,100,6340
"S38_411",1,1,1,100,6340
"S38_412",1,1,1,100,6340
"S38_414",1,1,3,100,6340
"S38_415",1,1,1,100,6340
"S38_426",1,1,1,100,6340
"S38_43",1,1,1,100,6340
"S38_440",1,1,1,100,6340
"S38_441",1,1,1,100,6340
"S38_449",1,1,1,100,6340
"S38_452",1,1,1,100,6340
"S38_453",1,1,1,50,6340
"S38_453",2,4,1,50,6340
"S38_458",1,1,1,100,6340
"S38_463",1,1,1,100,6340
"S38_472",1,1,1,100,6340
"S38_473",1,1,1,100,6340
"S38_475",1,1,1,100,6340
"S38_478",1,3,1,100,6340
"S38_492",1,1,1,100,6340
"S38_497",1,1,1,100,6340
"S38_498",1,1,1,100,6340
"S38_5",1,1,1,100,6340
"S38_504",1,1,1,100,6340
"S38_511",1,1,1,100,6340
"S38_513",1,1,1,100,6340
"S38_514",1,1,1,100,6340
"S38_515",1,1,1,100,6340
"S38_516",1,1,1,100,6340
"S38_520",1,1,1,100,6340
"S38_522",1,1,1,100,6340
"S38_538",1,1,1,100,6340
"S38_545",1,1,1,100,6340
"S38_553",1,1,1,100,6340
"S38_572",1,1,1,100,6340
"S38_577",1,1,1,100,6340
"S38_578",1,1,1,100,6340
"S38_58",1,1,1,100,6340
"S38_581",1,1,1,100,6340
"S38_6",1,1,1,100,6340
"S38_604",1,1,1,100,6340
"S38_610",1,1,1,100,6340
"S38_612",1,1,1,100,6340
"S38_619",1,1,1,100,6340
"S38_64",1,1,1,100,6340
"S38_7",1,1,1,100,6340
"S38_70",1,1,1,100,6340
"S38_71",1,1,1,100,6340
"S38_75",1,1,1,100,6340
"S38_79",1,1,1,100,6340
"S38_81",1,1,1,100,6340
"S38_86",1,1,1,100,6340
"S38_88",1,1,1,100,6340
"S38_89",1,1,1,50,6340
"S38_89",2,3,3,50,6340
"S38_91",1,1,1,100,6340
"S38_96",1,1,1,100,6340
"S38_99",1,1,1,100,6340
"S39_106",1,1,3,100,457
"S39_112",1,1,3,100,457
"S39_18",1,1,3,100,457
"S39_28",1,1,3,50,457
"S39_28",2,2,1,50,457
"S39_3",1,1,3,100,457
"S39_30",1,1,3,100,457
"S39_31",1,1,3,100,457
"S39_4",1,1,3,100,457
"S39_49",1,1,3,100,457
"S39_51",1,1,3,100,457
"S39_53",1,1,3,100,457
"S39_54",1,1,3,100,457
"S39_62",1,1,3,100,457
"S39_76",1,1,3,100,457
"S39_8",1,1,3,100,457
"S39_96",2,2,1,50,457
"S39_96",1,1,3,50,457
"S3_121",1,1,3,100,5884
"S3_128",1,1,3,100,5884
"S3_13",1,1,3,100,5884
"S3_138",1,1,3,100,5884
"S3_139",1,1,3,100,5884
"S3_166",1,1,3,100,5884
"S3_173",1,1,3,100,5884
"S3_176",1,1,3,100,5884
"S3_213",1,2,1,100,5884
"S3_227",1,1,3,100,5884
"S3_259",1,1,3,100,5884
"S3_26",1,1,3,100,5884
"S3_268",2,2,1,50,5884
"S3_268",1,1,3,50,5884
"S3_283",1,1,3,100,5884
"S3_308",1,2,1,100,5884
"S3_311",1,2,1,100,5884
"S3_313",1,1,3,100,5884
"S3_332",1,1,3,100,5884
"S3_363",1,1,3,50,5884
"S3_363",2,2,1,50,5884
"S3_405",1,1,3,100,5884
"S3_41",1,1,3,100,5884
"S3_410",1,1,3,100,5884
"S3_433",1,1,3,100,5884
"S3_438",1,1,3,100,5884
"S3_48",1,1,3,100,5884
"S3_488",1,1,3,100,5884
"S3_49",1,1,3,100,5884
"S3_562",1,1,3,100,5884
"S3_63",1,1,3,100,5884
"S3_639",1,1,3,100,5884
"S3_74",1,1,3,100,5884
"S3_78",1,1,3,100,5884
"S40_12",1,1,1,100,1112
"S40_15",1,1,1,100,1112
"S40_2",1,1,1,100,1112
"S40_20",1,1,1,100,1112
"S40_24",1,1,1,100,1112
"S40_29",1,1,1,100,1112
"S40_4",2,2,3,50,1112
"S40_4",1,1,1,50,1112
"S40_41",2,3,1,50,1112
"S40_41",1,1,1,50,1112
"S40_44",1,1,1,100,1112
"S40_45",1,1,1,100,1112
"S40_46",1,1,1,100,1112
"S40_53",1,1,1,50,1112
"S40_53",2,2,3,50,1112
"S40_6",1,1,1,100,1112
"S40_60",1,1,1,100,1112
"S40_72",1,1,1,100,1112
"S40_82",1,1,1,100,1112
"S4_10",1,1,1,100,5903
"S4_101",1,1,1,100,5903
"S4_108",1,1,1,100,5903
"S4_125",1,1,1,100,5903
"S4_127",1,1,1,100,5903
"S4_14",1,1,1,100,5903
"S4_141",1,1,1,100,5903
"S4_146",1,1,1,100,5903
"S4_167",1,1,1,100,5903
"S4_176",1,1,1,100,5903
"S4_20",1,1,1,100,5903
"S4_213",1,1,1,100,5903
"S4_219",1,1,1,100,5903
"S4_24",1,1,1,100,5903
"S4_248",1,1,1,100,5903
"S4_26",1,1,1,100,5903
"S4_283",1,1,1,100,5903
"S4_30",1,1,1,100,5903
"S4_307",1,1,1,100,5903
"S4_31",1,1,1,100,5903
"S4_38",1,1,1,100,5903
"S4_42",1,1,1,100,5903
"S4_44",1,1,1,50,5903
"S4_44",2,3,1,50,5903
"S4_580",1,1,1,100,5903
"S4_585",1,1,1,100,5903
"S4_586",1,1,1,100,5903
"S4_610",1,1,1,100,5903
"S4_624",1,1,1,100,5903
"S4_634",1,1,1,100,5903
"S4_79",1,1,1,100,5903
"S4_90",1,1,1,100,5903
"S4_95",1,1,1,100,5903
"S5_1019",1,1,3,50,7192
"S5_1019",2,2,1,50,7192
"S5_1034",1,1,3,100,7192
"S5_1042",1,1,3,60,7192
"S5_1042",2,2,1,40,7192
"S5_1044",1,1,3,100,7192
"S5_105",1,1,3,100,7192
"S5_1068",1,1,3,100,7192
"S5_1091",1,1,3,100,7192
"S5_1110",1,1,3,100,7192
"S5_1113",1,1,3,100,7192
"S5_1115",1,1,3,100,7192
"S5_1133",1,1,3,100,7192
"S5_1135",1,1,3,100,7192
"S5_1182",1,1,3,100,7192
"S5_1197",1,1,3,100,7192
"S5_1205",2,3,3,50,7192
"S5_1205",1,1,3,50,7192
"S5_1235",1,1,3,40,7192
"S5_1235",2,3,1,60,7192
"S5_127",1,1,3,100,7192
"S5_1295",1,1,3,100,7192
"S5_1296",1,1,3,100,7192
"S5_1306",2,2,1,50,7192
"S5_1306",1,1,3,50,7192
"S5_1315",1,1,3,100,7192
"S5_1316",1,1,3,100,7192
"S5_1318",1,1,1,100,7192
"S5_1358",1,1,3,100,7192
"S5_1362",1,1,3,100,7192
"S5_1366",1,1,3,100,7192
"S5_1381",1,1,3,100,7192
"S5_1385",1,1,3,100,7192
"S5_1396",1,2,1,100,7192
"S5_1413",1,1,3,50,7192
"S5_1413",2,2,1,50,7192
"S5_1422",1,1,3,100,7192
"S5_145",1,1,3,100,7192
"S5_1465",1,1,3,100,7192
"S5_1478",1,1,3,100,7192
"S5_1479",1,1,3,100,7192
"S5_1483",1,1,3,100,7192
"S5_149",1,1,1,100,7192
"S5_1504",1,1,3,100,7192
"S5_153",1,3,3,100,7192
"S5_1535",1,1,3,100,7192
"S5_1574",2,3,1,25,7192
"S5_1574",1,1,3,75,7192
"S5_1577",1,3,1,100,7192
"S5_1588",1,1,3,100,7192
"S5_1597",1,1,3,100,7192
"S5_1640",1,1,3,100,7192
"S5_1646",1,1,3,100,7192
"S5_1669",1,1,3,100,7192
"S5_1709",1,1,3,100,7192
"S5_1710",1,1,3,100,7192
"S5_1714",1,1,3,100,7192
"S5_1729",1,1,3,100,7192
"S5_1732",1,1,3,100,7192
"S5_1749",1,1,3,100,7192
"S5_1758",2,2,1,50,7192
"S5_1758",1,1,3,50,7192
"S5_1771",1,1,3,100,7192
"S5_1840",1,1,3,100,7192
"S5_187",1,1,3,100,7192
"S5_1888",1,1,3,100,7192
"S5_1898",1,1,3,100,7192
"S5_1902",1,1,1,100,7192
"S5_191",1,1,3,100,7192
"S5_1919",1,1,3,50,7192
"S5_1919",2,3,3,50,7192
"S5_1922",1,1,3,100,7192
"S5_1927",1,1,3,100,7192
"S5_194",1,1,3,100,7192
"S5_1942",1,1,3,100,7192
"S5_1954",1,1,1,100,7192
"S5_1967",1,1,3,100,7192
"S5_1991",1,1,3,100,7192
"S5_2005",1,1,3,100,7192
"S5_207",1,1,3,100,7192
"S5_21",1,1,3,100,7192
"S5_211",1,1,3,100,7192
"S5_2160",1,1,3,100,7192
"S5_2167",1,1,3,100,7192
"S5_2174",1,1,3,100,7192
"S5_2211",1,1,3,100,7192
"S5_234",1,1,3,100,7192
"S5_2344",2,2,1,50,7192
"S5_2344",1,1,3,50,7192
"S5_2348",1,1,3,100,7192
"S5_2358",1,1,3,100,7192
"S5_2386",1,1,3,100,7192
"S5_2395",1,5,3,100,7192
"S5_2418",1,1,3,100,7192
"S5_2424",1,1,3,50,7192
"S5_2424",2,2,1,50,7192
"S5_244",2,2,1,50,7192
"S5_244",1,1,3,50,7192
"S5_246",1,1,3,100,7192
"S5_247",1,1,3,100,7192
"S5_250",1,1,3,100,7192
"S5_251",1,1,3,100,7192
"S5_256",1,1,3,100,7192
"S5_2609",1,1,3,100,7192
"S5_2613",2,2,1,50,7192
"S5_2613",1,1,3,50,7192
"S5_2617",1,1,3,100,7192
"S5_265",1,1,3,100,7192
"S5_2741",1,1,3,50,7192
"S5_2741",2,2,1,50,7192
"S5_2748",1,3,1,100,7192
"S5_279",1,1,3,100,7192
"S5_2798",1,1,3,100,7192
"S5_281",2,1,3,50,7192
"S5_281",1,5,3,50,7192
"S5_2821",1,1,3,100,7192
"S5_293",1,1,3,100,7192
"S5_2965",1,1,3,100,7192
"S5_30",1,1,3,100,7192
"S5_3003",1,1,3,100,7192
"S5_3022",1,1,3,100,7192
"S5_3025",1,1,3,100,7192
"S5_309",1,1,3,100,7192
"S5_312",1,1,3,100,7192
"S5_316",1,1,3,100,7192
"S5_3204",1,1,3,50,7192
"S5_3204",2,2,1,50,7192
"S5_3206",1,1,3,33,7192
"S5_3206",2,3,1,34,7192
"S5_3206",3,3,3,33,7192
"S5_325",1,1,3,100,7192
"S5_332",1,1,3,100,7192
"S5_340",1,1,3,100,7192
"S5_3406",1,1,3,100,7192
"S5_351",1,1,3,100,7192
"S5_36",1,1,3,100,7192
"S5_370",1,1,3,100,7192
"S5_376",1,2,1,100,7192
"S5_377",1,1,3,100,7192
"S5_385",1,1,3,100,7192
"S5_39",1,1,3,100,7192
"S5_405",1,1,3,100,7192
"S5_428",1,1,3,50,7192
"S5_428",2,2,1,50,7192
"S5_438",2,2,1,50,7192
"S5_438",1,1,3,50,7192
"S5_450",1,1,1,100,7192
"S5_454",1,1,3,100,7192
"S5_456",1,1,3,50,7192
"S5_456",2,2,1,50,7192
"S5_460",1,1,3,100,7192
"S5_463",1,1,3,100,7192
"S5_464",1,1,3,50,7192
"S5_464",2,2,1,50,7192
"S5_472",1,1,3,100,7192
"S5_48",1,1,3,100,7192
"S5_50",1,1,1,100,7192
"S5_52",1,1,3,100,7192
"S5_520",1,1,3,100,7192
"S5_530",1,1,3,100,7192
"S5_533",1,1,3,100,7192
"S5_534",1,1,3,100,7192
"S5_54",1,1,3,100,7192
"S5_547",1,1,3,100,7192
"S5_552",1,1,3,100,7192
"S5_557",1,1,3,100,7192
"S5_560",1,1,3,100,7192
"S5_569",1,1,3,100,7192
"S5_58",1,1,3,100,7192
"S5_583",1,1,3,100,7192
"S5_585",1,1,3,100,7192
"S5_587",1,1,3,100,7192
"S5_597",1,1,3,100,7192
"S5_598",1,1,3,100,7192
"S5_601",2,2,1,50,7192
"S5_601",1,1,3,50,7192
"S5_602",1,1,3,100,7192
"S5_61",1,1,3,100,7192
"S5_616",1,1,3,100,7192
"S5_619",1,1,3,100,7192
"S5_621",1,1,3,100,7192
"S5_623",1,1,3,100,7192
"S5_634",1,1,3,100,7192
"S5_635",1,1,3,100,7192
"S5_644",1,1,3,100,7192
"S5_649",1,1,3,100,7192
"S5_654",1,1,3,100,7192
"S5_66",1,1,3,100,7192
"S5_673",1,1,3,50,7192
"S5_673",2,3,3,50,7192
"S5_676",2,2,1,50,7192
"S5_676",1,1,3,50,7192
"S5_680",1,1,3,100,7192
"S5_688",1,1,3,100,7192
"S5_715",2,2,1,50,7192
"S5_715",1,1,3,50,7192
"S5_722",1,1,3,100,7192
"S5_726",1,1,1,100,7192
"S5_733",1,1,1,100,7192
"S5_736",1,1,3,100,7192
"S5_746",2,3,3,50,7192
"S5_746",1,1,3,50,7192
"S5_765",1,1,3,100,7192
"S5_772",1,1,3,100,7192
"S5_787",1,1,3,100,7192
"S5_804",1,1,3,100,7192
"S5_806",1,1,3,100,7192
"S5_807",1,1,3,100,7192
"S5_829",1,5,3,100,7192
"S5_836",1,1,1,100,7192
"S5_838",1,1,3,100,7192
"S5_840",1,1,3,100,7192
"S5_852",1,1,3,100,7192
"S5_855",1,1,3,100,7192
"S5_867",1,1,3,100,7192
"S5_870",1,1,3,100,7192
"S5_872",1,1,3,100,7192
"S5_876",2,2,1,50,7192
"S5_876",1,1,3,50,7192
"S5_88",1,1,3,100,7192
"S5_897",1,1,3,100,7192
"S5_898",1,1,3,100,7192
"S5_908",1,1,3,100,7192
"S5_909",1,1,3,100,7192
"S5_910",1,1,3,100,7192
"S5_924",1,1,3,100,7192
"S5_964",1,1,3,100,7192
"S5_972",2,2,1,50,7192
"S5_972",1,1,3,50,7192
"S5_988",1,1,3,100,7192
"S5_995",1,1,3,100,7192
"S5_996",1,1,3,100,7192
"S6_1047",1,1,1,100,13170
"S6_1048",1,1,1,100,13170
"S6_1057",2,4,1,50,13170
"S6_1057",1,1,1,50,13170
"S6_1063",1,1,1,100,13170
"S6_1072",1,1,1,100,13170
"S6_1104",1,1,1,100,13170
"S6_1127",1,1,1,100,13170
"S6_1149",1,1,1,40,13170
"S6_1149",2,3,1,60,13170
"S6_1160",1,1,1,100,13170
"S6_1168",1,1,1,100,13170
"S6_1173",1,1,1,100,13170
"S6_1179",1,1,1,100,13170
"S6_1184",1,1,1,100,13170
"S6_1195",1,1,1,100,13170
"S6_1202",1,1,1,100,13170
"S6_1203",1,1,1,100,13170
"S6_1207",1,1,1,100,13170
"S6_1210",1,1,1,100,13170
"S6_1216",1,1,1,100,13170
"S6_122",1,1,1,100,13170
"S6_1221",1,1,1,100,13170
"S6_1228",1,1,1,100,13170
"S6_125",1,1,1,100,13170
"S6_1302",1,1,1,100,13170
"S6_1308",1,1,1,100,13170
"S6_1319",1,1,1,100,13170
"S6_1334",1,1,1,100,13170
"S6_1359",1,1,1,100,13170
"S6_1366",1,1,1,100,13170
"S6_1369",1,1,1,100,13170
"S6_1372",1,1,1,100,13170
"S6_1378",2,3,1,50,13170
"S6_1378",1,1,1,50,13170
"S6_1381",1,1,1,100,13170
"S6_1399",1,1,1,100,13170
"S6_1406",1,1,1,100,13170
"S6_1418",1,1,1,100,13170
"S6_1425",1,1,1,100,13170
"S6_1434",1,1,1,100,13170
"S6_1445",1,1,1,100,13170
"S6_145",1,1,1,100,13170
"S6_1455",3,4,1,30,13170
"S6_1455",2,4,1,30,13170
"S6_1455",1,1,1,40,13170
"S6_1467",1,1,1,100,13170
"S6_1469",1,1,1,100,13170
"S6_150",1,1,1,100,13170
"S6_1527",1,1,1,100,13170
"S6_153",1,1,1,100,13170
"S6_1548",1,1,1,100,13170
"S6_1563",1,1,1,100,13170
"S6_1564",1,1,1,100,13170
"S6_1566",1,1,1,100,13170
"S6_1567",1,1,1,100,13170
"S6_1570",1,1,1,100,13170
"S6_1577",1,1,1,100,13170
"S6_1579",1,1,1,100,13170
"S6_1586",1,1,1,100,13170
"S6_1619",1,1,1,100,13170
"S6_1621",1,1,1,100,13170
"S6_1627",1,1,1,100,13170
"S6_1640",1,1,1,100,13170
"S6_1649",1,1,1,100,13170
"S6_1660",1,1,1,100,13170
"S6_1665",1,1,1,100,13170
"S6_1667",1,1,1,100,13170
"S6_170",1,1,1,50,13170
"S6_170",2,4,1,50,13170
"S6_1705",1,1,1,100,13170
"S6_1717",1,1,1,100,13170
"S6_1728",1,1,1,100,13170
"S6_1729",1,1,1,100,13170
"S6_173",1,1,3,100,13170
"S6_1740",2,2,1,70,13170
"S6_1740",1,1,3,30,13170
"S6_1742",1,1,1,100,13170
"S6_1745",1,1,1,100,13170
"S6_1746",1,1,1,100,13170
"S6_1777",1,1,1,100,13170
"S6_1779",1,1,1,100,13170
"S6_1785",1,1,1,100,13170
"S6_1786",1,1,1,100,13170
"S6_1821",1,1,1,100,13170
"S6_1847",1,1,1,100,13170
"S6_1856",1,1,1,100,13170
"S6_1869",1,1,1,100,13170
"S6_1871",1,1,1,100,13170
"S6_1873",2,3,1,70,13170
"S6_1873",1,1,1,30,13170
"S6_1875",1,1,1,100,13170
"S6_19",1,1,1,100,13170
"S6_1927",1,1,1,100,13170
"S6_1949",1,1,1,100,13170
"S6_1971",1,1,1,100,13170
"S6_1976",1,1,3,100,13170
"S6_2",1,1,1,100,13170
"S6_2001",1,1,1,100,13170
"S6_201",1,1,1,100,13170
"S6_2023",1,1,1,100,13170
"S6_2028",1,1,1,100,13170
"S6_2036",1,1,1,100,13170
"S6_2103",1,1,1,100,13170
"S6_2107",1,1,1,100,13170
"S6_2150",1,1,1,100,13170
"S6_2151",1,1,1,100,13170
"S6_2156",1,1,1,100,13170
"S6_2157",1,1,1,100,13170
"S6_2169",1,1,1,100,13170
"S6_228",1,1,1,100,13170
"S6_2327",1,1,1,100,13170
"S6_2330",1,1,1,100,13170
"S6_2337",1,1,1,100,13170
"S6_2338",1,1,1,100,13170
"S6_2339",1,1,1,100,13170
"S6_2413",1,1,1,50,13170
"S6_2413",2,4,1,50,13170
"S6_2421",1,1,1,100,13170
"S6_244",1,1,1,100,13170
"S6_2443",1,1,1,100,13170
"S6_2444",1,1,1,100,13170
"S6_2468",1,1,1,100,13170
"S6_2492",1,1,1,100,13170
"S6_2494",2,3,3,50,13170
"S6_2494",1,1,1,50,13170
"S6_264",1,1,1,100,13170
"S6_2664",1,1,1,100,13170
"S6_2668",1,1,1,100,13170
"S6_269",1,1,1,100,13170
"S6_278",1,1,1,100,13170
"S6_282",1,1,1,100,13170
"S6_288",1,3,3,100,13170
"S6_293",1,1,1,100,13170
"S6_296",1,1,1,100,13170
"S6_316",1,1,1,100,13170
"S6_327",1,3,1,100,13170
"S6_356",1,1,1,100,13170
"S6_359",1,1,1,100,13170
"S6_36",1,1,1,100,13170
"S6_365",1,1,1,100,13170
"S6_380",1,1,1,100,13170
"S6_390",1,1,1,100,13170
"S6_3989",1,1,1,100,13170
"S6_3990",1,1,3,100,13170
"S6_3996",1,1,1,100,13170
"S6_401",1,1,1,100,13170
"S6_410",1,1,1,100,13170
"S6_423",1,1,1,100,13170
"S6_426",1,1,1,100,13170
"S6_433",1,1,3,100,13170
"S6_436",1,1,1,100,13170
"S6_456",1,1,1,100,13170
"S6_459",1,1,1,100,13170
"S6_460",1,1,1,100,13170
"S6_470",1,1,1,100,13170
"S6_479",1,1,1,100,13170
"S6_48",1,1,1,100,13170
"S6_482",1,1,1,100,13170
"S6_500",1,1,1,100,13170
"S6_509",1,1,1,100,13170
"S6_52",1,1,1,100,13170
"S6_53",1,1,1,100,13170
"S6_54",1,1,1,100,13170
"S6_546",1,1,1,100,13170
"S6_55",1,1,1,100,13170
"S6_558",1,1,1,100,13170
"S6_562",1,1,1,100,13170
"S6_569",1,1,1,100,13170
"S6_606",1,1,1,100,13170
"S6_613",1,1,1,100,13170
"S6_615",1,1,1,100,13170
"S6_650",1,1,1,100,13170
"S6_656",1,1,1,100,13170
"S6_664",1,1,1,100,13170
"S6_669",1,1,1,70,13170
"S6_669",2,2,3,30,13170
"S6_679",1,1,1,100,13170
"S6_71",1,1,1,100,13170
"S6_717",1,1,1,100,13170
"S6_737",1,1,1,100,13170
"S6_738",2,3,1,75,13170
"S6_738",1,1,1,25,13170
"S6_770",1,1,1,100,13170
"S6_774",1,1,1,100,13170
"S6_778",1,4,1,100,13170
"S6_784",1,1,1,100,13170
"S6_785",2,4,1,70,13170
"S6_785",1,1,1,30,13170
"S6_786",1,1,1,100,13170
"S6_795",1,1,1,50,13170
"S6_795",2,3,1,50,13170
"S6_81",1,1,1,100,13170
"S6_817",1,1,1,100,13170
"S6_823",1,1,1,100,13170
"S6_824",1,1,1,100,13170
"S6_830",1,1,1,100,13170
"S6_881",1,1,1,100,13170
"S6_883",1,1,1,100,13170
"S6_886",1,1,1,100,13170
"S6_91",1,1,1,100,13170
"S6_913",1,1,1,100,13170
"S6_916",1,1,1,100,13170
"S6_924",1,1,1,100,13170
"S6_929",1,1,1,100,13170
"S6_932",1,1,1,100,13170
"S6_94",1,1,1,100,13170
"S6_944",1,1,1,100,13170
"S6_96",1,1,1,100,13170
"S6_97",1,1,1,100,13170
"S6_972",1,1,1,100,13170
"S6_976",1,1,1,100,13170
"S6_994",1,1,1,100,13170
"S6_995",1,1,1,100,13170
"S7_113",2,2,1,50,1236
"S7_113",1,1,3,50,1236
"S7_12",1,1,3,100,1236
"S7_20",1,1,3,100,1236
"S7_3",1,1,3,100,1236
"S7_30",1,2,1,100,1236
"S7_33",2,2,1,50,1236
"S7_33",1,1,3,50,1236
"S7_49",1,1,3,100,1236
"S7_57",1,1,3,100,1236
"S7_60",1,2,1,100,1236
"S7_61",1,1,3,100,1236
"S7_68",1,1,3,50,1236
"S7_68",2,2,1,50,1236
"S7_75",1,1,3,50,1236
"S7_75",2,2,1,50,1236
"S7_79",1,1,3,100,1236
"S7_82",1,1,3,100,1236
"S7_87",1,1,3,100,1236
"S7_95",1,3,3,100,1236
"S8_103",1,1,1,100,2518
"S8_111",1,1,1,100,2518
"S8_116",1,1,1,100,2518
"S8_125",1,1,1,100,2518
"S8_189",1,1,1,100,2518
"S8_31",1,1,1,100,2518
"S8_320",1,1,1,100,2518
"S8_39",1,1,1,100,2518
"S8_53",1,1,1,100,2518
"S8_54",1,1,1,100,2518
"S8_7",1,1,1,100,2518
"S8_75",1,1,1,100,2518
"S8_78",1,1,1,100,2518
"S8_85",1,1,1,100,2518
"S8_86",1,1,1,100,2518
"S8_90",1,1,1,100,2518
"S9_10",1,1,3,50,998
"S9_10",2,2,1,50,998
"S9_11",1,1,3,100,998
"S9_12",2,1,3,50,998
"S9_12",1,2,1,50,998
"S9_21",2,1,3,50,998
"S9_21",1,2,1,50,998
"S9_30",1,1,3,100,998
"S9_33",1,1,3,50,998
"S9_33",2,3,3,50,998
"S9_37",1,1,3,100,998
"S9_41",2,1,3,50,998
"S9_41",1,2,1,50,998
"S9_43",1,1,3,100,998
"S9_48",1,1,3,100,998
"S9_52",2,2,1,50,998
"S9_52",1,1,3,50,998
"S9_54",1,1,3,100,998
"S9_55",1,1,3,100,998
"S9_61",1,1,3,100,998
"S9_67",2,2,1,50,998
"S9_67",1,1,3,50,998
"S9_7",1,3,3,60,998
"S9_7",2,1,3,40,998
