"id_unique","bi08_no","bi08_text","bi08c","bi08d_a","bi08d_b","bi08d_c","bi08d_d","wgt"
"S10_12",1,"CAR TRADING BUSINESS",3,0,0,0,0,1355
"S10_22",1,"DECORATIVE PLANTS TRADING",3,0,0,0,0,1355
"S10_28",1,"CAR SERVICE AND MAINTENANCE",2,2,1,0,3,1355
"S10_40",1,"HOSTEL",3,0,0,0,0,1355
"S10_52",1,"HIJAB STORE",1,1,0,0,1,1355
"S10_55",1,"PALM OIL PLANTATION",3,0,2,2,4,1355
"S10_66",1,"LPG HOME STATION",3,0,0,2,2,1355
"S10_73",1,"RETAIL OF BIRDS FROM HOME",3,0,0,0,0,1355
"S11_122",1,"RESELLER OF OF CLOTHES AT HOME",3,0,0,0,0,1082
"S11_2",1,"COFFEE SHOP ""3 DARA""",3,0,0,1,1,1082
"S11_48",1,"COFFEE SHOP",3,0,0,0,0,1082
"S11_56",1,"KIOSK SELLING HP AT HOME",1,0,1,0,1,1082
"S11_65",1,"SELLING CLOTHES VIA ONLINE",3,0,0,0,0,1082
"S12_11",1,"PALM OIL PLANTATION",3,0,0,0,0,1454
"S12_26",1,"PUBLIC TRANSPORTATION SERVICE FOR MATERIALS",1,0,3,0,3,1454
"S12_32",1,"MOTORCYCLE WASHING SERVICE",3,0,0,0,0,1454
"S12_5",1,"GROCERIES STORE",1,0,0,1,1,1454
"S12_51",1,"CAR MAINTENANCE SERVICES",3,2,0,1,3,1454
"S12_62",2,"RETAIL OF GASOLINE ",3,1,0,0,1,1454
"S12_62",1,"GROCERIES STORE ",3,1,0,1,2,1454
"S12_63",1,"WHOLESALE OF VEGETABLES IN A LOS - MARKET",3,1,0,0,1,1454
"S12_63",2,"ORANGE PLANTATION",3,1,2,0,3,1454
"S12_91",1,"RETAIL OF CHICKEN IN A NON-PERMANENT KIOSK IN A MARKET",3,0,2,2,4,1454
"S13_107",1,"RETAIL OF RUBBER SAP TRADER",3,0,0,2,2,5808
"S13_108",1,"RETAIL OF VEGETABLES: SPINACH, WATER SPINACH, BEANS IN KIOSK IN MARKET",3,0,0,1,1,5808
"S13_111",1,"LAUNDRY SERVICE ""MANOBENJENAR""",3,0,0,2,2,5808
"S13_121",1,"GROCERIES STORE ",3,0,0,1,1,5808
"S13_123",1,"WALET NEST TRADING",3,0,0,1,1,5808
"S13_139",1,"GROCERIES STORE ",3,0,0,1,1,5808
"S13_139",2,"PALAWIJA AGRICULTURE",3,0,10,5,15,5808
"S13_17",1,"SELLING LPG ",3,0,0,3,3,5808
"S13_46",1,"MINERAL WATER STORE",3,0,0,1,1,5808
"S13_59",1,"RUBBER SAP TRADER",1,0,0,2,2,5808
"S13_98",2,"PALM OIL PLANTATION",1,1,3,0,4,5808
"S13_98",1,"CELL STALL ""ZAHRA ZAHIR CELL""",3,0,0,1,1,5808
"S14_118",1,"VEGETABLES AND PALAWIJA AGRICULTURE",3,0,0,0,0,5858
"S14_119",1,"QUAIL FARMING",3,0,0,1,1,5858
"S14_145",1,"FATTENING CATTLE BUSINESS",3,0,2,1,3,5858
"S14_161",1,"WATER REFILL SERVICE ",3,0,0,0,0,5858
"S14_21",1,"LPG HOME STATION",1,1,0,0,1,5858
"S14_223",1,"TRANPORTATION SERVICES FOR MATERIALS",3,0,0,0,0,5858
"S14_224",1,"PALM OIL PLANTATION",3,0,6,0,6,5858
"S14_263",1,"RUBBER PLANTATION",3,0,0,1,1,5858
"S14_283",1,"PADDY AGRICULTURE AND RUBBER PLANTATION",3,0,13,2,15,5858
"S14_292",1,"PALM OIL PLANTATION",3,0,2,0,2,5858
"S14_333",1,"PRODUCTION AND SELLING OF TRADITIONAL CAKES ",3,0,0,1,1,5858
"S14_53",1,"PADDY AGRICULTURE",1,0,5,12,17,5858
"S14_54",1,"COFFEE SHOP",3,0,0,1,1,5858
"S14_59",1,"PADDY AGRICULTURE",3,0,5,1,6,5858
"S14_6",1,"FOOD STALL SERVING FAST FOOD",1,2,0,0,2,5858
"S14_67",1,"PRODUCTION AND SELLING OF ICE CUBE",3,0,0,1,1,5858
"S14_8",1,"CHICKEN LIVESTOCK",3,0,0,0,0,5858
"S14_84",1,"WHOLESALE OF RUBBER SAP FROM FARMERS TO THE FACTORY",3,0,0,0,0,5858
"S15_13",3,"LANGSAT TREES PLANTATION",3,0,6,0,6,184
"S15_13",2,"PALM OIL PLANTATION",1,0,2,0,2,184
"S15_13",4,"PADDY AGRICLUTURE",1,0,3,0,3,184
"S15_13",5,"GASOLINE STATION PERTAMINI",3,1,1,3,5,184
"S15_13",1,"RESTAURANT",3,1,2,3,6,184
"S15_17",1,"RETAIL OF HOME APPLIANCES, CLOTHES, TUPPERWARE BY ORDER AND CREDIT PAYMENT",3,0,0,0,0,184
"S15_21",1,"HOUSE FOR RENTAL",1,0,0,0,0,184
"S15_34",2,"SEWING SERVICE OF CLOTHES",3,0,0,0,0,184
"S15_34",1,"RUBBER TREES PLANTATION",3,0,1,1,2,184
"S15_34",3,"PRODUCTION AND SELLING OF PASTRIES",3,0,0,1,1,184
"S15_5",1,"BARBERSHOP FOR MALE AND FEMALE",1,0,0,0,0,184
"S15_59",1,"FOOD STALL SELLING MEATBALLS",3,2,0,2,4,184
"S15_96",1,"GOAT FARMING",1,1,0,0,1,184
"S15_96",2,"JANGKRIK CULTIVATION",3,0,1,2,3,184
"S16_18",1,"RUBBER PLANTATION",3,0,0,1,1,377
"S16_30",1,"RUBBER PLANTATION",3,2,2,0,4,377
"S16_32",1,"RUBBER PLANTATION",3,0,2,1,3,377
"S16_5",1,"GROCERIES STORE ""RADIT""",1,2,2,0,4,377
"S16_5",2,"AGRICULTURE EQUIPMENTS RENT SERVICE",1,0,4,0,4,377
"S16_52",1,"CHICKEN FARMING",3,0,0,3,3,377
"S16_56",2,"CHICKEN LIVESTOCK",3,0,0,1,1,377
"S16_56",1,"CABBAGES AND CHILI AGRICULTURE",2,0,3,1,4,377
"S16_63",1,"PALM OIL PLANTATION",3,0,2,0,2,377
"S16_79",1,"PALM OIL PLANTATION",3,0,2,0,2,377
"S16_79",2,"COCONUT PLANTATION",3,0,2,0,2,377
"S16_79",4,"TRADING WALET NESTS ",3,0,0,0,0,377
"S16_79",3,"PADDY AGRICULTURE",3,0,16,0,16,377
"S17_101",2,"PIG FARMING",3,0,0,0,0,1145
"S17_101",1,"GROCERIES STORE ",3,0,0,0,0,1145
"S17_107",2,"CATTLE FARMING",2,0,0,2,2,1145
"S17_107",1,"PIG FARMING",3,0,0,2,2,1145
"S17_117",2,"FISH POND RENT SERVICE",3,0,0,0,0,1145
"S17_117",1,"DRINK STALL ""S1 BOBA""",3,1,0,0,1,1145
"S17_117",3,"ONLINE SNACKS TRADING",3,0,0,0,0,1145
"S17_150",1,"USED MOTORCYCLE TRADING",3,0,0,0,0,1145
"S17_159",1,"PRODUCTION AND ONLINE SELLING OF TRADITIONAL CAKES ",3,0,0,0,0,1145
"S17_2",1,"RETAIL ON SEMBAKO",1,0,0,1,1,1145
"S17_62",1,"CHICKEN FARMING",3,0,0,0,0,1145
"S17_83",1,"HOSTEL",3,0,1,0,1,1145
"S18_123",1,"PADDY AGRICULTURE",3,0,1,1,2,1608
"S18_141",1,"PIG FARMING",3,0,0,0,0,1608
"S18_158",1,"PADDY AGRICULTURE",3,0,1,0,1,1608
"S18_159",1,"AGRICULTURE (PADDY, DORN, AND CASSAVA)",3,0,0,1,1,1608
"S18_17",1,"CATTLE FARMING",3,0,0,2,2,1608
"S18_5",1,"GROCERIES STORE",3,0,1,1,2,1608
"S18_60",1,"SHALLOTS AGRICULTURE",3,0,9,0,9,1608
"S19_101",1,"RETAIL OF SHEEP DURING EID AL-ADHA",3,0,4,0,4,700
"S19_133",2,"SAVING AND LOAN COOPERATIVE ""ANUGERAH PUTRA""",3,0,0,0,0,700
"S19_133",1,"RETAIL OF CLOTHES AT MARKET",3,0,0,1,1,700
"S19_143",1,"HOUSE RENT SERVICE",3,0,0,0,0,700
"S19_2",1,"SELLING SMOKED PORK",3,0,0,1,1,700
"S19_31",1,"HOUSE RENT SERVICE",3,0,0,0,0,700
"S19_378",1,"PADDY AGRICULTURE",2,30,0,1,31,700
"S19_378",3,"GOAT FARMING",3,0,2,0,2,700
"S19_378",2,"CORN AGRICULTURE",3,100,0,0,100,700
"S19_60",1,"WATER REFILL SERVICE ",3,0,0,0,0,700
"S1_105",1,"RETAIL OF ELECTRONIC EQUIPMENTS: HANDPHONE, TV, REFRIGERATOR BY ORDER",3,0,0,0,0,5828
"S1_122",1,"FOOD STALL AND BEVERAGES ""KOI""",3,0,1,0,1,5828
"S1_148",1,"CATERING SERVICE FOR AQIQAH",3,0,0,0,0,5828
"S1_19",1,"PRODUCTION OF BAMBOO BOX FOR FISHES ",3,0,0,1,1,5828
"S1_211",1,"CHILI AGRICULTURE",3,0,3,0,3,5828
"S1_251",1,"CLOTHES AND UNDERWARE STORE",3,1,0,0,1,5828
"S1_30",1,"FOOD STALL ""SOTO AYAM""",3,0,0,1,1,5828
"S1_53",1,"SEWING FOR CLOTHES SERVICE FOR SCHOOL UNIFORM, CLOTHES AND PANTS",3,0,2,0,2,5828
"S1_58",1,"FOOD STALL SELLING: MEATBALLS, TEMPURA, FRIED MEATBALLS, ETC",3,0,0,2,2,5828
"S1_72",1,"KIOSK RENT SERVICES",1,0,0,0,0,5828
"S1_75",1,"AIR TIME TOP UP COUNTER",3,0,0,1,1,5828
"S1_9",1,"RETAIL OF ELECTRONIC EQUIPMENTS: HANDPHONE BY CREDIT OR CASH BY ORDER",1,0,0,1,1,5828
"S1_97",1,"VEGETABLES AGRICULTURE",1,4,0,0,4,5828
"S20_10",1,"BILLIARD SPORT CENTER",3,1,0,0,1,783
"S20_33",1,"PORANG AGRICULTURE",3,0,0,0,0,783
"S20_332",1,"CAT FISH CULTIVATION",2,0,0,0,0,783
"S20_35",1,"PUBLIC TRANSPORTATION SERVICE FOR PASSANGER",3,2,0,0,2,783
"S20_362",1,"PADDY AGRICULTURE",3,0,3,1,4,783
"S20_37",1,"DUCK FARMING",3,0,0,2,2,783
"S20_4",1,"CHICKEN LIVESTOCK",3,0,0,2,2,783
"S20_58",1,"FOOD STALL SELLING NASI KUNING",3,0,0,1,1,783
"S20_88",1,"WALET NEST TRADING",2,1,0,0,1,783
"S20_89",1,"WHOLESALE OF NUTMEGS",3,0,2,0,2,783
"S20_89",2,"PADDY AND CORN AGRICULTURE",3,0,29,0,29,783
"S21_1",1,"KEROSINE HOME STATION",3,0,0,4,4,5724
"S21_1",2,"PRODUCTION AND SELLING OF CAKES",3,0,0,3,3,5724
"S21_130",1,"PADDY AGRICULTURE",3,0,8,1,9,5724
"S21_167",1,"PRODUCTION AND SELLING OF TRADITIONAL CAKES ",3,0,0,1,1,5724
"S21_22",1,"PRODUCTION AND SELLING OF TRADITIONAL CAKES ",3,0,0,0,0,5724
"S21_317",1,"CATTLE FARMING",1,0,0,2,2,5724
"S21_354",1,"RETAIL OF TRADITIONA CAKES IN FRONT OF THE HOUSE",3,0,0,0,0,5724
"S21_362",1,"COCONUT PLANTATION",1,0,2,0,2,5724
"S21_4",1,"SELLING ORIFLAME VIA ONLINE",3,0,0,0,0,5724
"S21_44",1,"PIG FARMING",3,0,0,1,1,5724
"S21_54",1,"GROCERIES STORE ",3,0,0,2,2,5724
"S21_54",2,"SEWING SERVICE",3,0,0,0,0,5724
"S21_64",1,"RETAIL OF SALT WATER FISHES IN FRON OF THE HOUSE",3,0,0,1,1,5724
"S21_72",1,"PRODUCTION AND SELLING OF BANANA AND CASSAVA CRISP ",3,0,0,0,0,5724
"S22_122",1,"PLAY STATION (PS) RENTAL BUSINESS",3,0,1,0,1,5777
"S22_128",1,"PADDY AND PALAWIJA AGRICULTURE",2,0,0,0,0,5777
"S22_158",1,"COCONUT PLANTATION",3,0,0,0,0,5777
"S22_16",2,"RETAIL OF PORKS IN KIOSK",3,0,2,0,2,5777
"S22_16",1,"COFFEE SHOP",3,0,2,0,2,5777
"S22_161",1,"ONLINE COSMETIC SELLING",2,0,0,0,0,5777
"S22_177",1,"SEA WEED CULTIVATION",3,0,5,0,5,5777
"S22_177",2,"CHICKEN LIVESTOCK",3,0,0,1,1,5777
"S22_293",1,"GROCERIES STORE SELLING RICE, WHEAT FLOUR, SALT, VEGETABLES, MEATS, ETC. BY ORDER",3,0,0,0,0,5777
"S22_35",1,"FOOD STALL",1,1,0,1,2,5777
"S22_4",1,"RETAIL ON CLOTHES",3,0,0,1,1,5777
"S22_46",1,"TIRE REPAIRMENT SERVICES",3,0,0,1,1,5777
"S22_6",1,"PADDY AND CHILI AGRICULTURE",3,2,18,0,20,5777
"S22_77",1,"PRIVATE EDUCATION PROVIDER",3,12,0,0,12,5777
"S22_79",3,"HOUSE RENT SERVICE",3,0,0,0,0,5777
"S22_79",2,"TRANSPORTATION SERVICE FOR MATERIALS: SANDS, BRICKS, ETC. USING PICK UP",3,3,2,0,5,5777
"S22_79",1,"RETAIL OF CEMENT BY ORDER",3,0,0,1,1,5777
"S22_9",1,"RESELLER OF PASTRIES",3,0,0,1,1,5777
"S22_92",1,"GOAT FARMING",3,0,0,1,1,5777
"S23_10",1,"RETAIL OF HOME APPLIANCES, CLOTHES, TUPPERWARE BY ORDER ",3,0,0,0,0,163
"S23_11",1,"FOOT STALL - ANGKRINGAN",3,3,0,0,3,163
"S23_18",1,"CAR RENT SERVICE",3,0,2,0,2,163
"S23_18",2,"HOUSE RENT SERVICE",1,0,0,0,0,163
"S23_22",1,"CAR RENT SERVICE",2,2,0,0,2,163
"S23_22",2,"RETAIL OF HERBAL MEDICINES VIA ONLINE",2,0,0,0,0,163
"S23_28",1,"GROCERIES STALL",3,0,0,0,0,163
"S23_29",1,"ONLINE CLOTHES STORE",3,0,0,0,0,163
"S23_35",1,"SELLING SNACKS AND SOUP NOODLES",3,0,1,2,3,163
"S24_141",1,"PADDY AGRICULTURE",3,0,22,0,22,286
"S24_22",2,"CLOVE PLANTATION",3,0,10,2,12,286
"S24_22",3,"COCOA PLANTATION",3,0,0,2,2,286
"S24_22",1,"GROCERIES STORE",3,0,0,2,2,286
"S24_45",1,"RETAIL OF SHOES AND SLIPPERS IN MARKET",3,0,0,1,1,286
"S24_50",1,"PIG FARMING",3,0,0,4,4,286
"S24_50",3,"VEGETABLES AGRICULTURE: CABBAGES, TOMATO, AND PAPAYA",3,0,0,4,4,286
"S24_50",2,"WOOD SAWMILL SERVICE ",3,0,3,1,4,286
"S24_6",2,"BRICKS PRODUCTION",3,0,0,2,2,286
"S24_6",1,"PADDY AND CORN AGRICULTURE",3,0,0,2,2,286
"S24_71",2,"PADDY AND CORN AGRICULTURE",3,0,30,1,31,286
"S24_71",1,"PUBLIC TRANSPORTATION SERVICE FOR GOODS",3,0,0,1,1,286
"S24_75",1,"CATTLE FARMING",3,0,1,0,1,286
"S24_80",1,"PORANG SWEET POTATO",3,0,10,4,14,286
"S25_130",1,"CACAO PLANTATION",3,0,3,0,3,1174
"S25_142",1,"PIG FARMING",3,0,1,0,1,1174
"S25_16",1,"PRODUCTION OF CAKES BY ORDER",3,0,1,2,3,1174
"S25_18",1,"COPRA AND FRUITS TRADING",3,0,0,3,3,1174
"S25_20",1,"SEWING SERVICE FOR FEMALE CLOTH",3,0,0,0,0,1174
"S25_32",1,"MOTORCYCLE REPAIRMENT SERVICE",2,0,0,2,2,1174
"S25_42",1,"RETAIL OF GUAVA IN FRONT OF THE HOUSE",3,0,0,0,0,1174
"S25_56",2,"PRODUCTION AND SELLING OF BANANA CRISPS AND EMPING MELINJO",3,0,0,1,1,1174
"S25_56",1,"SELLING MEATBALLS BY ORDER",3,0,0,0,0,1174
"S25_61",1,"MINI GAS STATION",3,0,1,0,1,1174
"S25_73",1,"CATERING SERVICE",3,0,2,0,2,1174
"S25_92",1,"IRON WELDING WORKSHOP",3,0,3,0,3,1174
"S26_1",1,"HOUSE FOR RENTAL",3,0,0,0,0,1332
"S26_11",1,"INTERIOR DESIGNER",3,2,0,0,2,1332
"S26_126",1,"RETAIL OF FISHING TOOLS IN KIOSK IN FRONT OF THE HOUSE ",3,0,10,0,10,1332
"S26_17",1,"NICKEL MINING",3,0,30,0,30,1332
"S26_36",1,"CHILI AGRICULTURE",3,0,3,1,4,1332
"S26_37",1,"BRICKS PRODUCTION",3,20,0,0,20,1332
"S26_64",1,"""DUMP TRUCK"" TRANSPORTATION SERVICE",3,0,0,0,0,1332
"S26_71",1,"GROCERIES STORE ",3,0,0,1,1,1332
"S27_1",1,"HOME APPLIANCES TRADING BY CREDIT PAYMENT",3,0,0,0,0,1464
"S27_105",1,"SAVING AND LOAN COOPERATIVE",3,0,0,5,5,1464
"S27_15",2,"CHILI AGRICULTURE",3,0,10,2,12,1464
"S27_15",1,"GROCERIES STORE ",3,1,0,0,1,1464
"S27_15",3,"TRANSPORTATION SERVICE FOR MATERIALS",3,0,0,0,0,1464
"S27_35",1,"BEAUTY SALOON",3,2,0,0,2,1464
"S27_46",1,"PALM OIL PLANTATION",3,1,0,0,1,1464
"S27_63",1,"COFFEE, COCOA, AND COTTON PLANTATION",3,0,13,4,17,1464
"S27_80",1,"RETAIL OF RICE FROM HOME",3,0,0,0,0,1464
"S27_9",4,"WHOLESALE OF CACAO FROM FARMERS SOLD TO RETAILER AS ORDER",1,0,0,0,0,1464
"S27_9",3,"POULTRY SHOPS",1,2,2,0,4,1464
"S27_9",2,"WHOLESALE OF RICE FROM THE PADDY MILLING SERVICE SOLD TO RETAILER",1,0,0,0,0,1464
"S27_9",1,"SEA WEED CULTIVATION",1,2,0,0,2,1464
"S28_11",1,"COFFEE AND COCOA PLANTATION",3,0,6,0,6,1588
"S28_126",1,"CATTLE FARMING",3,1,0,0,1,1588
"S28_13",1,"GROCERIES STORE",3,0,0,1,1,1588
"S28_26",1,"CAR RENT SERVICE",3,0,0,0,0,1588
"S28_37",1,"PALM OIL PLANTATION",3,0,0,3,3,1588
"S28_59",1,"FATTENNING GOAT BUSINESS",1,0,5,0,5,1588
"S28_61",1,"HOUSE RENT FOR KOS",3,0,0,0,0,1588
"S28_65",1,"CAR RENT SERVICES",3,2,0,0,2,1588
"S29_1",1,"RETAILER OF AGRICULTURE FERTILIZER",3,0,1,1,2,5960
"S29_10",2,"HOUSE RENT FOR KOS",2,0,0,1,1,5960
"S29_10",1,"GROCERIES STORE",3,0,0,1,1,5960
"S29_110",1,"SELLING HOME APPLIANCES",3,0,0,1,1,5960
"S29_126",1,"CATERING SERVICE",3,0,2,1,3,5960
"S29_13",1,"FOOD STALL",3,0,0,1,1,5960
"S29_133",1,"WHOLESALE OF NUTMEGS FROM TRADERS TO OTHER TRADERS",3,0,0,3,3,5960
"S29_138",1,"LAUNDRY SERVICE ""WAHYU LAUNDRY""",3,0,0,1,1,5960
"S29_141",1,"LAUNDRY SERVICES",3,3,0,0,3,5960
"S29_151",2,"ONLINE SHOP",3,0,0,0,0,5960
"S29_151",1,"CAKE BAKERY BY ORDER",3,0,0,1,1,5960
"S29_152",1,"COFFEE AND SNACK SHOP",3,0,0,2,2,5960
"S29_171",1,"RETAIL OF TUPPERWARE FROM HOME",3,0,0,0,0,5960
"S29_187",1,"LAUNDRY SERVICES",3,1,0,3,4,5960
"S29_194",1,"FOOD STALL SERVING SIOMAY",3,0,0,3,3,5960
"S29_230",1,"CHICKEN AND PIG FARMING",3,0,0,4,4,5960
"S29_262",1,"RETAIL OF CLOTHES AND ACCESSORIES: BROOCH, VIA ONLINE",3,0,0,2,2,5960
"S29_39",1,"FOOD STALL SELLING NASI KUNING (KEDAI ARIFAH)",3,2,0,1,3,5960
"S29_4",2,"ONLINE CLOTHES TRADING AND HOME APPLIANCES",3,0,0,2,2,5960
"S29_4",1,"FOOD STORE VIA ONLINE MARKETING",3,0,1,1,2,5960
"S29_46",1,"PRODUCTION OF TRADITIONAL CAKES",3,0,0,0,0,5960
"S29_58",1,"CAKE SELLING VIA ONLINE",1,0,0,0,0,5960
"S29_8",1,"RETAIL OF HOME APPLIANCES BY ORDER",3,0,0,1,1,5960
"S29_81",1,"PADDY TRADING DURING HARVEST SEASON",3,0,1,2,3,5960
"S29_83",1,"SEWING SERVICE",3,0,0,0,0,5960
"S29_84",1,"CACAO PROCESSING BUSINESS",3,0,2,3,5,5960
"S29_91",1,"RESELLER OF OF CLOTHES AT HOME",3,0,0,0,0,5960
"S2_12",1,"KIDS AND FEMALE CLOTHES TRADING, ONLINE AND OFFLINE",3,0,0,0,0,6034
"S2_126",1,"IRON AND STEEL WELDING WORKSHOP PRODUCING FENCES, STAIRS, ETC BY ORDER",3,0,4,0,4,6034
"S2_135",1,"WHOLESALE OF SNACKS TO RETAILERS",3,0,0,0,0,6034
"S2_17",1,"CLOTHES TRADING, T-SHIRT, HAT, PANTS, ETC ""VICTIM DISTRO""",3,0,0,1,1,6034
"S2_179",2,"PADDY AGRICULTURE",3,0,41,4,45,6034
"S2_179",1,"CHICKEN FARMING",3,0,2,3,5,6034
"S2_184",2,"GOAT FARMING",3,0,0,1,1,6034
"S2_184",3,"NILA AND CAT FISH CULTIVATION",3,1,0,1,2,6034
"S2_184",1,"PADDY AGRICULTURE",2,10,0,3,13,6034
"S2_193",1,"MIDDLEMAN OF IRON AND LIGHT STEEL TRADING",3,0,0,0,0,6034
"S2_196",1,"VEGETABLES AGRICULTURE",3,2,0,2,4,6034
"S2_20",1,"MOLEN RENT",3,0,0,0,0,6034
"S2_225",1,"RICE FIELD RENT SERVICE",1,0,0,0,0,6034
"S2_225",2,"MEDICAL CLINIC",3,0,0,0,0,6034
"S2_225",3,"HOUSE RENT SERVICE",3,0,1,0,1,6034
"S2_229",1,"PADDY AGRICULTURE",3,0,2,2,4,6034
"S2_260",1,"PADDY AGRICULTURE",3,0,10,2,12,6034
"S2_275",1,"FATTENNING CATTLE BUSINESS",3,0,0,0,0,6034
"S2_396",1,"PADDY AGRICULTURE",3,0,16,0,16,6034
"S2_420",1,"RETAIL OF SLIPPERS FOR KIDS AND ADULT IN A STORE",3,0,0,0,0,6034
"S2_470",1,"RETAIL OF GASOLINE: PERTALITE, SOLAR, ETC - STREET SELLING",3,0,1,0,1,6034
"S2_471",1,"GROCERIES STORE ",3,0,0,2,2,6034
"S2_49",1,"USED MOTORCYCLE TRADING",3,0,0,1,1,6034
"S2_60",1,"FIBER TRADING",3,0,0,0,0,6034
"S2_63",1,"SEWING SERVICE ""TAYLOR BU TUTIK""",3,0,0,0,0,6034
"S2_63",2,"CATERING SERVICE ""DAPUR 88""",3,0,1,0,1,6034
"S2_654",1,"PADDY AGRICULTURE",3,0,10,0,10,6034
"S2_687",1,"CORN AGRICULTURE",3,0,26,0,26,6034
"S30_116",1,"SEA WEED CULTIVATION",3,0,3,0,3,5851
"S30_118",1,"TUMPANG SARI AGRICULTURE",3,0,1,0,1,5851
"S30_124",1,"GROCERIES STALL",3,0,2,0,2,5851
"S30_124",2,"CORN AGRICULTURE",3,0,2,0,2,5851
"S30_135",1,"SELLING POULTRY (DEDAK)",3,0,0,0,0,5851
"S30_15",1,"NILAM TREES PLANTATION",3,0,0,1,1,5851
"S30_160",2,"CACAO PLANTATION",1,1,1,0,2,5851
"S30_160",1,"CLOVE PLANTATION",1,1,1,0,2,5851
"S30_170",1,"MANUFACTURE OF CHAIR",3,1,0,0,1,5851
"S30_174",1,"PADDY AGRICULTURE",3,0,2,1,3,5851
"S30_178",1,"PADDY AGRICULTURE",3,0,4,0,4,5851
"S30_208",1,"CLOVE AGRICULTURE",3,0,4,0,4,5851
"S30_220",1,"PADDY AGRICULTURE",3,0,6,0,6,5851
"S30_26",1,"RETAIL OF KITCHEN SPICES IN MARKET",3,0,0,3,3,5851
"S30_270",1,"BRICKS PRODUCTION",1,0,2,0,2,5851
"S30_283",1,"SEWING MACHINE REPAIRMENT SERVICE",3,0,0,0,0,5851
"S30_292",2,"CLOVE PLANTATION",3,0,0,0,0,5851
"S30_292",1,"NILAM TREES PLANTATION",3,0,6,0,6,5851
"S30_337",1,"PADDY AGRICULTURE",3,0,2,0,2,5851
"S30_35",2,"CATTLE FARMING",1,0,1,0,1,5851
"S30_35",1,"RETAIL OF AGRICULTURE INPUTS, FERTILIZER, VITAMIN, ETC FROM HOME",3,0,0,1,1,5851
"S30_355",1,"CORN AGRICULTURE",3,0,0,1,1,5851
"S30_373",1,"CAKE BAKERY",3,0,0,1,1,5851
"S30_376",1,"SEWING ENGINE REPAIRMENT SERVICES",3,0,0,0,0,5851
"S30_414",1,"COCONUT AND NUTMEGS PLANTATION",3,0,0,1,1,5851
"S30_423",1,"CACAO PROCESSING BUSINESS",3,0,3,0,3,5851
"S30_442",1,"CRAB FISHING",3,0,0,0,0,5851
"S30_474",1,"ORGAN OR ELECTONE RENT SERVICE",3,0,7,0,7,5851
"S30_487",1,"PIG FARMING",3,0,0,2,2,5851
"S30_499",1,"MANUFACTURE OF WOODS FOR WINDOWS, DOORS, ETC",3,4,0,0,4,5851
"S30_50",1,"COCOA PLANTATION",3,0,3,0,3,5851
"S30_503",1,"PADDY AGRICULTURE",3,0,1,0,1,5851
"S30_506",1,"PADDY AGRICULTURE",3,0,20,0,20,5851
"S30_572",1,"PADDY AGRICULTURE",2,0,4,0,4,5851
"S30_6",1,"PADDY AGRICULTURE",2,0,2,0,2,5851
"S30_67",1,"TIRE REPAIRMENT SERVICES",3,0,0,0,0,5851
"S30_80",1,"PADDY AGRICULTURE",3,0,2,0,2,5851
"S30_89",1,"BANDENG FISH TRADING",3,0,4,0,4,5851
"S30_98",1,"VEGETABLES AGRICULTURE",3,0,0,2,2,5851
"S31_16",1,"PRODUCTION OF TRADITIONAL CAKES",3,0,0,1,1,311
"S31_29",1,"MATERNITY CLINIC",3,2,0,0,2,311
"S31_39",1,"ICE STALL",3,0,2,0,2,311
"S31_40",1,"GROCERIES STORE ",3,0,0,2,2,311
"S31_52",1,"GROCERIES STORE ",3,2,0,0,2,311
"S31_8",1,"STREET SELLING BAGS ",3,0,0,0,0,311
"S31_89",1,"PRODUCTION AND SELLING OF NOODLE INGREDIENTS TO PROCESS CHICKEN NOODLES",3,0,0,0,0,311
"S32_18",1,"AGRICULTURE CROP TRADING",3,0,0,0,0,520
"S32_20",1,"WALET NEST TRADING",1,1,0,0,1,520
"S32_20",2,"SELLING GASOLINE PERTAMINI",1,9,0,0,9,520
"S32_31",1,"MAKE UP AND BRIDAL SERVICE",1,0,3,0,3,520
"S32_34",1,"WHOLESALE OF WHEAT FLOUR AT HOME SOLD TO STALLS",1,0,0,0,0,520
"S32_47",1,"SOUND SYSTEM RENTAL SERVICE",3,5,0,0,5,520
"S32_48",1,"RETAIL OF COCONUT AT HOME",3,0,4,0,4,520
"S32_76",1,"DUMP TRUCK RENT SERVICE",3,2,4,0,6,520
"S33_109",1,"PALM OIL PLANTATION",3,0,0,1,1,3338
"S33_139",1,"PADDY AGRICULTURE",1,0,0,2,2,3338
"S33_160",1,"RUBBER PLANTATION",3,0,0,2,2,3338
"S33_18",1,"HIJAB STORE",3,0,0,0,0,3338
"S33_23",1,"RESTAURANT",3,1,0,0,1,3338
"S33_35",1,"CAKE AND BAKERY",3,0,1,0,1,3338
"S33_53",1,"PALM OIL PLANTATION",3,0,4,0,4,3338
"S33_59",1,"PRODUCTION OF TRADITIONAL CAKES",3,0,0,1,1,3338
"S33_59",2,"ONLINE SELLING OF COSMETICS",3,0,0,1,1,3338
"S33_62",2,"SELLING MINERAL WATER IN GALON FROM HOME",3,0,0,1,1,3338
"S33_62",1,"RETAIL OF CLOTHES AT HOME",3,0,0,0,0,3338
"S33_88",1,"RETAIL OF HOME APPLIANCES, PLATES, SPOONS, BOWL",3,0,0,1,1,3338
"S34_21",1,"SELLING SWEETENED ",1,0,0,0,0,5449
"S34_21",2,"SELLING CHICKEN IN A MARKET",1,0,0,1,1,5449
"S34_23",1,"RUBBER PLANTATION",3,0,0,1,1,5449
"S34_36",1,"COFFEE PLANTATION",3,0,2,1,3,5449
"S34_36",3,"PIG FARMING",3,0,0,1,1,5449
"S34_36",2,"TOMATO AGRICULTURE",3,0,2,1,3,5449
"S34_57",1,"MIDDLEMAN OF FARMLAND TRADING",3,0,2,0,2,5449
"S34_57",2,"GOAT FARMING",3,0,0,1,1,5449
"S34_62",1,"RUBBER PLANTATION",3,0,2,3,5,5449
"S34_8",1,"RUBBER PLANTATION",3,0,0,0,0,5449
"S34_80",1,"RETAIL OF COFFEE AND JENGKOL FROM HOME",3,0,2,0,2,5449
"S34_80",2,"COFFEE PLANTATION",3,0,4,0,4,5449
"S34_92",1,"PADDY AGRICULTURE",3,0,30,0,30,5449
"S35_11",1,"PALM OIL PLANTATION",3,0,3,1,4,4741
"S35_12",1,"ONLINE CLOTHES STORE",3,0,0,0,0,4741
"S35_18",2,"HOUSE RENT FOR KOS",3,0,0,0,0,4741
"S35_18",1,"LPG HOME STATION",3,0,0,3,3,4741
"S35_26",1,"PALM OIL PLANTATION",3,0,2,0,2,4741
"S35_35",1,"CATTLE FARMING",3,0,0,1,1,4741
"S35_37",1,"KIOSK SERVING AIRTIME TOPUP ",3,0,0,2,2,4741
"S35_41",1,"GOAT FARMING",3,0,0,1,1,4741
"S35_46",1,"WHOLESALE OF OIL PALM PLANTATION",3,0,0,1,1,4741
"S35_49",1,"FOOD STALL",3,0,0,1,1,4741
"S35_52",1,"SEWING CLOTHES SERVICE",3,1,0,0,1,4741
"S35_81",1,"ELECTRONIC STORE ""SALZA""",3,0,0,2,2,4741
"S36_1",1,"PUBLIC TRANSPORTATION SERVICES FOR GOODS",3,0,0,0,0,5823
"S36_11",1,"PUBLIC TRANSPORTATION SERVICE",3,4,0,0,4,5823
"S36_13",1,"RETAIL OF CLOTHES IN A KIOSK NEXT TO THE MEATBALLS AND CHICKEN NOODLES KIOSK",3,1,0,1,2,5823
"S36_16",1,"PALM OIL PLANTATION",3,1,1,0,2,5823
"S36_20",2,"QUAIL LIVESTOCK BUSINESS",3,0,0,1,1,5823
"S36_20",1,"RUBBER TREES PLANTATION",3,0,0,1,1,5823
"S36_36",2,"PADDY AGRICULTURE",2,0,13,0,13,5823
"S36_36",1,"BAKERY OF BOLU ""3 MUARA"" SOLD TO STALLS",3,1,0,2,3,5823
"S36_39",1,"AIR TIME TOP UP STALL",3,0,0,1,1,5823
"S36_41",1,"PALM OIL PLANTATION",3,0,1,0,1,5823
"S36_67",1,"PALM OIL PLANTATION",3,0,2,0,2,5823
"S36_8",1,"CORN AGRICULTURE",3,0,0,2,2,5823
"S37_120",1,"PALM OIL PLANTATION",1,0,1,1,2,5716
"S37_135",1,"RETAIL OF SALT WATER FISH IN THE DOCKS",3,0,0,0,0,5716
"S37_1361",1,"PRODUCTION AND SELLING OF CRISPS",3,0,0,0,0,5716
"S37_1361",2,"COFFEE PLANTATION",3,0,1,1,2,5716
"S37_1368",1,"MAKE UP AND BRIDAL SERVICE",3,0,1,0,1,5716
"S37_140",1,"ELECTRONIC EQUIPMENTS REPAIRMENT SERVICES",1,0,0,0,0,5716
"S37_143",1,"SELLING LPG",3,0,0,1,1,5716
"S37_156",1,"RETAIL OF RIVER SAND IN FRON OF THE HOUSE",1,0,0,0,0,5716
"S37_164",1,"PADDY AGRICULTURE",1,0,5,0,5,5716
"S37_165",1,"HOSTEL",1,0,0,2,2,5716
"S37_165",3,"RETAIL OF KEROSINE AT HOME",1,0,0,2,2,5716
"S37_165",2,"REFILL DRINKING WATER SERVICE",1,0,0,2,2,5716
"S37_170",1,"RUBBER PLANTATION",3,0,0,0,0,5716
"S37_2",1,"FOOD STALL VIA ONLINE",3,0,2,0,2,5716
"S37_205",1,"PRODUCTION OF ROOF FROM NIPAH LEAF",3,0,0,0,0,5716
"S37_210",1,"SELLING SWEETENED",1,0,0,0,0,5716
"S37_223",1,"BROWN SUGAR PRODUCTION",3,0,1,0,1,5716
"S37_223",2,"PRODUCTION OF TART CAKE",1,0,0,1,1,5716
"S37_234",1,"PALM OIL PLANTATION",1,4,0,0,4,5716
"S37_237",1,"AIRTIME TOPUP COUNTER",3,0,0,1,1,5716
"S37_238",1,"PADDY AGRICULTURE",1,2,0,0,2,5716
"S37_238",2,"CASSAVA PLANTATION",1,0,7,0,7,5716
"S37_238",3,"RETAIL OF CUPBOARD MADE BY ORDER",1,0,0,0,0,5716
"S37_240",1,"RUBBER PLANTATION",3,0,0,1,1,5716
"S37_29",1,"HOUSE FOR RENTAL",1,0,0,0,0,5716
"S37_301",1,"RUBBER PLANTATION",3,0,0,0,0,5716
"S37_321",2,"RUBBER TREES PLANTATION",1,0,0,0,0,5716
"S37_321",1,"GROCERIES STORE ",3,0,0,2,2,5716
"S37_328",1,"CANDLE NUT PLANTATION",3,0,0,4,4,5716
"S37_340",1,"CAT FISH CULTIVATION",3,0,0,1,1,5716
"S37_361",1,"PADDY AGRICULTURE",1,0,0,0,0,5716
"S37_387",1,"FOOD STALL OF FRIED FOODS: BAKWAN, RISOLES, FRIED BANANA, ETC IN KIOSK ",3,0,0,2,2,5716
"S37_450",1,"RETAIL OF HERBAL DRINKS VIA ONLINE",3,0,0,0,0,5716
"S37_46",1,"CATTLE FARMING",3,0,0,0,0,5716
"S37_50",1,"FOOD STALL FOR BREAKFAST",1,1,0,0,1,5716
"S37_65",1,"NILA FISH CULTIVATION",3,0,0,0,0,5716
"S37_70",1,"FOOD STALL SERVING CHICEKN NOODLE ",3,0,0,2,2,5716
"S37_74",1,"RETAIL OF CLOTHES VIA ONLINE",3,0,0,0,0,5716
"S38_103",2,"PINANG TREES PLANTATION",3,0,4,0,4,6340
"S38_103",1,"COCONUT PLANTATION",3,0,2,0,2,6340
"S38_11",1,"PADDY AGRICULTURE",2,0,4,0,4,6340
"S38_112",1,"PADDY AGRICULTURE",3,0,4,1,5,6340
"S38_112",2,"BEAN AGRICULTTURE",3,0,0,1,1,6340
"S38_118",1,"FISH CULTIVATION IN A POND",3,0,3,0,3,6340
"S38_128",2,"GOAT FARMING",3,0,0,0,0,6340
"S38_128",1,"CASSAVA AGRICULTURE",3,0,10,0,10,6340
"S38_132",1,"PALM OIL PLANTATION",3,0,2,0,2,6340
"S38_139",1,"SELLING STEEL FRAME",3,3,0,0,3,6340
"S38_140",1,"CAR RENT SERVICE",3,0,0,0,0,6340
"S38_157",1,"RUBBER PLANTATION",3,0,0,0,0,6340
"S38_170",1,"MAS FISH CULTIVATION",3,0,2,1,3,6340
"S38_188",2,"PALM OIL PLANTATION",3,0,1,1,2,6340
"S38_188",1,"RETAIL OF SEMBAKO",3,0,0,2,2,6340
"S38_197",1,"GINGER PLANTATION",3,0,3,2,5,6340
"S38_197",2,"GROCERIES STALL",3,0,0,2,2,6340
"S38_204",1,"HOUSE RENT SERVICE",3,0,0,0,0,6340
"S38_213",1,"GOAT FARMING",3,0,0,0,0,6340
"S38_254",3,"CORN AGRICULTURE",3,0,2,0,2,6340
"S38_254",1,"PADDY AGRICULTURE",3,0,3,2,5,6340
"S38_254",2,"CASSAVA PLANTATION",3,0,0,2,2,6340
"S38_255",1,"CHICKEN FARMING",3,0,0,1,1,6340
"S38_259",1,"PADDY AGRICULTURE",3,0,2,5,7,6340
"S38_263",1,"GROCERIES STORE ",3,0,0,1,1,6340
"S38_271",1,"PUBLIC TRANSPORTATION SERVICE FOR PASSANGER",3,0,0,0,0,6340
"S38_277",1,"PALM OIL PLANTATION",3,0,0,0,0,6340
"S38_285",1,"RUBBER PLANTATION",3,0,0,0,0,6340
"S38_292",1,"DUCK FARMING",3,0,0,0,0,6340
"S38_295",1,"PALM OIL PLANTATION",3,0,0,0,0,6340
"S38_296",1,"GOAT FARMING",3,0,0,0,0,6340
"S38_296",2,"CHILI AGRICULTURE",3,0,0,3,3,6340
"S38_297",1,"PALM OIL PLANTATION",3,0,0,0,0,6340
"S38_298",1,"RETAIL OF CLOTHES AT HOME",3,0,0,1,1,6340
"S38_305",1,"CATTLE FARMING",3,0,0,0,0,6340
"S38_316",1,"A WHOLESALE OF FRUITS",3,6,5,1,12,6340
"S38_330",1,"PALM OIL PLANTATION",3,0,0,0,0,6340
"S38_334",1,"GROCERIES STORE ",3,0,0,2,2,6340
"S38_334",2,"GOAT FARMING",3,0,0,2,2,6340
"S38_344",1,"SELLING ELECTRICITY TOP UP ",3,0,0,0,0,6340
"S38_355",2,"FOOD STALL SELLING OF MARTABAK",3,0,0,0,0,6340
"S38_355",3,"FOOD STALL OF CHOCOLATE BANANAS",3,0,0,0,0,6340
"S38_355",1,"FOOD STALL SELLING FRIED FOODS",3,0,0,0,0,6340
"S38_360",1,"STREET SELLING OF ""CILOK"" ",3,0,0,0,0,6340
"S38_372",2,"CORK FISH CULTIVATION",3,0,0,0,0,6340
"S38_372",1,"DUCK FARMING",3,0,0,3,3,6340
"S38_398",1,"FOOD STALL",3,0,0,1,1,6340
"S38_4",1,"MEDICAL CLINIC ""BACHTIAR""",3,0,0,1,1,6340
"S38_401",2,"CORN AGRICULTURE",3,0,10,0,10,6340
"S38_401",1,"CASSAVA PLANTATION",3,0,10,0,10,6340
"S38_406",1,"PALM OIL PLANTATION",3,8,0,0,8,6340
"S38_407",1,"PRIVATE EDUCATION PROVIDER",3,2,0,0,2,6340
"S38_411",1,"PALM OIL PLANTATION",3,0,0,0,0,6340
"S38_412",1,"RUBBER PLANTATION",3,0,0,0,0,6340
"S38_415",1,"RUBBER PLANTATION",3,0,0,0,0,6340
"S38_426",1,"PALM OIL PLANTATION",2,26,0,0,26,6340
"S38_449",1,"PADDY AGRICULTURE",3,0,4,0,4,6340
"S38_452",2,"PADDY AGRICULTURE",3,0,20,0,20,6340
"S38_452",1,"""3 TUJERA"" LPG AGENT",3,0,0,1,1,6340
"S38_463",2,"FOOD STALL SELLING MARTABAK IN A KIOSK",3,0,0,1,1,6340
"S38_463",1,"RUBBER SAP TRADER",3,0,0,0,0,6340
"S38_472",1,"CASSAVA PLANTATION",3,0,0,0,0,6340
"S38_473",1,"CORN AGRICULTURE",3,0,0,0,0,6340
"S38_478",3,"DURIAN PLANTATION",3,0,0,0,0,6340
"S38_478",1,"CHICKEN FARMING",3,0,0,0,0,6340
"S38_478",2,"RUBBER TREES PLANTATION",3,0,0,0,0,6340
"S38_497",1,"WEDDING ORGANIZER SERVICE ",3,4,0,1,5,6340
"S38_498",2,"RUBBER TREES PLANTATION",3,0,2,0,2,6340
"S38_498",1,"PALM OIL PLANTATION",3,0,2,0,2,6340
"S38_504",2,"PADDY AGRICULTURE",3,0,10,0,10,6340
"S38_504",1,"CASSAVA PLANTATION",3,0,6,0,6,6340
"S38_511",1,"RUBBER TREES PLANTATION",3,0,0,0,0,6340
"S38_511",2,"PADDY AGRICULTURE",3,0,6,0,6,6340
"S38_515",1,"AREN TREE PLANTATION",3,0,0,0,0,6340
"S38_516",1,"PADDY AGRICULTURE",3,0,14,2,16,6340
"S38_520",1,"PALM OIL PLANTATION",3,0,2,2,4,6340
"S38_522",1,"PALM OIL PLANTATION",2,0,2,2,4,6340
"S38_545",1,"TRAVEL AGENT",3,0,0,0,0,6340
"S38_553",1,"SELLING SPICIES",3,1,0,0,1,6340
"S38_572",1,"GRAPE PLANTATION",3,3,4,2,9,6340
"S38_572",2,"PALM OIL PLANTATION",3,0,4,0,4,6340
"S38_577",2,"CATTLE FARMING",3,0,0,1,1,6340
"S38_577",1,"BRICKS PRODUCTION",3,0,2,1,3,6340
"S38_581",1,"PADDY AGRICULTURE",3,0,7,0,7,6340
"S38_581",2,"GOAT FARMING",3,0,0,2,2,6340
"S38_6",1,"BATAKO PRODUCTION",3,1,0,0,1,6340
"S38_604",2,"PADDY AGRICULTURE",3,0,0,0,0,6340
"S38_604",1,"PALM OIL PLANTATION",3,0,6,0,6,6340
"S38_612",1,"CHICKEN FARMING",3,0,0,0,0,6340
"S38_64",1,"PADDY AGRICULTURE",3,0,15,0,15,6340
"S38_64",2,"CATTLE FARMING",3,0,0,1,1,6340
"S38_71",2,"BRICKS PRODUCTION",3,2,0,0,2,6340
"S38_71",1,"PALM OIL PLANTATION",3,0,2,0,2,6340
"S38_79",1,"GOAT FARMING",3,0,0,0,0,6340
"S38_81",1,"CHILI AGRICULTURE",3,2,0,0,2,6340
"S38_86",1,"GROCERIES STALL",3,0,0,1,1,6340
"S38_88",1,"AGRICULTURE INPUTS STORE ",3,0,0,0,0,6340
"S38_89",1,"CLOTHES STORE",3,1,0,0,1,6340
"S38_96",1,"RUBBER PLANTATION",3,0,0,0,0,6340
"S39_112",1,"GROCERIES STORE ",3,3,3,0,6,457
"S39_112",2,"CACAO PROCESSING BUSINESS",3,2,2,0,4,457
"S39_18",1,"BRI LINK AGENT",1,5,0,0,5,457
"S39_18",2,"STREET SELLING OF SWEETENED ",1,1,0,0,1,457
"S39_31",1,"COCOA PLANTATION",3,0,0,2,2,457
"S39_4",1,"HOME INDUSTRY LEATHER JACKET PRODUCTION",3,5,0,0,5,457
"S39_49",1,"PADDY AGRICULTURE",1,0,0,0,0,457
"S39_53",1,"PADDY AGRICULTURE",2,0,0,3,3,457
"S39_62",2,"PALM OIL PLANTATION",1,2,0,1,3,457
"S39_62",1,"CATTLE FARMING",3,1,0,1,2,457
"S39_8",1,"GROCERIES STORE (SEMBAKO) ""RUMAH PANGAN KITA""",3,0,0,2,2,457
"S39_96",1,"FOOD STALL",3,0,2,0,2,457
"S3_121",2,"HOUSE RENT SERVICE",3,0,0,0,0,5884
"S3_121",1,"GROCERIES STORE ",3,1,0,0,1,5884
"S3_13",1,"RETAIL OF ELECTRONIC EQUIPMENTS BY CREDIT OR CASH BY ORDER",1,0,0,1,1,5884
"S3_173",1,"CAKE PRODUCTION AND SELLING",3,0,0,0,0,5884
"S3_227",1,"ONLINE CLOTHES STORE",3,0,0,0,0,5884
"S3_26",1,"PADDY AGRICULTURE",3,0,15,0,15,5884
"S3_268",1,"RETAIL OF ELECTRONIC EQUIPMENTS: FAN, TV, MAGIC COM ",3,1,0,0,1,5884
"S3_283",1,"FOOD STALL",3,0,0,0,0,5884
"S3_308",1,"RETAIL OF PALAWIJA AND CLOVE ",1,0,0,0,0,5884
"S3_311",1,"PADDY AGRICULTURE",3,0,10,1,11,5884
"S3_405",1,"SELLING ELECTRONIC EQUIPMENTS AND HOME APPLIANCES VIA ONLINE",3,0,0,1,1,5884
"S3_49",1,"SELLING BIRD'S CAGE",1,0,0,1,1,5884
"S3_562",1,"STORE RENT BUSINESS",3,0,0,1,1,5884
"S3_63",2,"PRODUCTION OF CRISPS",3,0,0,0,0,5884
"S3_63",1,"RETAIL OF CLOTHES AT MARKET",3,0,0,0,0,5884
"S40_20",1,"GROCERIES STORE ",3,0,0,2,2,1112
"S40_24",1,"UMRAH TRAVEL AGENT ""HASANAH""",3,0,0,0,0,1112
"S40_4",1,"BAKERY SERVICES BY ORDER",3,0,0,2,2,1112
"S40_44",1,"GOAT FARMING",3,0,0,2,2,1112
"S40_45",1,"CHICKEN FARMING",3,1,2,0,3,1112
"S40_6",1,"VEGETABLES AGRICULTURE",1,6,12,0,18,1112
"S40_60",2,"TRADING BANANA FROM TRADERS TO RETAILER",3,1,0,0,1,1112
"S40_60",1,"TOFU PRODUCTION BUSINESS",3,0,0,1,1,1112
"S40_72",1,"SELLING FRUITS VIA ONLINE",3,0,0,1,1,1112
"S40_82",1,"CASSAVA PLANTATION",1,1,0,0,1,1112
"S4_101",1,"GOAT SELLING IN A MARKET",3,0,1,0,1,5903
"S4_108",1,"PUBLIC TRANSPORTATION SERVICES",3,5,0,0,5,5903
"S4_127",1,"FRESH WATER FISH CULTIVATION",3,0,20,2,22,5903
"S4_20",1,"TRUCK TRANSPORTATION RENT SERVICE",1,2,2,0,4,5903
"S4_213",1,"HOUSE RENT SERVICE",3,0,0,0,0,5903
"S4_219",1,"PRODUCTION OF ADS IN A FORM OF VIDEO OR PICTURE",3,4,15,0,19,5903
"S4_248",1,"PADDY AGRICULTURE",3,0,5,10,15,5903
"S4_283",2,"PADDY AGRICULTURE",3,0,5,1,6,5903
"S4_283",1,"CHICKEN FARMING",3,0,0,1,1,5903
"S4_307",1,"IRON WELDING WORKSHOP",3,0,2,0,2,5903
"S4_31",1,"HOUSE RENT FOR KOS",3,0,0,2,2,5903
"S4_38",1,"BANANA AND CASSAVA PLANTATION",3,0,1,0,1,5903
"S4_42",1,"SERVICE OF BROKEN LAMP",1,0,0,0,0,5903
"S4_44",2,"GROCERIES STORE",1,0,0,1,1,5903
"S4_44",1,"PADDY AGRICULTURE",3,0,4,0,4,5903
"S4_580",1,"GUAVA AGRICULTURE",1,0,0,0,0,5903
"S4_610",1,"CATTLE FARMING",1,0,0,2,2,5903
"S5_1042",1,"PADDY AGRICULTURE",1,0,20,1,21,7192
"S5_1044",1,"ONLINE CLOTHES STORE",1,0,0,0,0,7192
"S5_105",1,"PADDY AGRICULTURE",3,0,24,1,25,7192
"S5_1110",1,"RETAIL OF CHICKEN IN A MARKET",3,0,0,1,1,7192
"S5_1135",1,"FOOD STALL SELLING CHICKEN PORRIDGE",3,0,0,1,1,7192
"S5_1182",1,"RETAIL OF ELECTRONIC EQUIPMENTS: HANDPHONE, TV, REFRIGERATOR BY ORDER BY CREDIT",3,0,0,0,0,7192
"S5_1197",1,"STREET SELLING OF ""CILOK"" ",3,0,2,2,4,7192
"S5_1235",1,"SELLING BOOT AND HELMET VIA ONLINE ""ONLINE SHOP ALYSAFETY""",2,0,0,2,2,7192
"S5_1306",1,"CATTLE FARMING",3,0,0,0,0,7192
"S5_1316",1,"GROCERIES STORE ",3,0,0,2,2,7192
"S5_1366",1,"FOOD STALL ""NASI RAMES DAN NASI BUNGKUS""",3,0,2,1,3,7192
"S5_1381",2,"SELLING ELECTRICITY AND AIRTIME TOCKEN",3,0,0,0,0,7192
"S5_1381",1,"SELLING ""CLEO"" MINERAL WATER ",3,0,0,2,2,7192
"S5_1385",1,"AIRTIME TOPUP COUNTER",3,0,0,2,2,7192
"S5_1385",2,"SEWING SERVICE FOR CLOTHES",3,1,0,1,2,7192
"S5_1413",1,"PADDY AND CORN AGRICULTURE",3,0,100,0,100,7192
"S5_1478",1,"CORN TREES TRADING (TEBON) FOR CATTLE FEEDS",3,0,1,0,1,7192
"S5_149",1,"CHICKEN FARMING",3,0,1,1,2,7192
"S5_1504",1,"ADULT CLOTHES SELLING AND SNACKS: CILOK, TEMPURA, CIRENG VIA ONLINE AND OFFLINE",3,0,0,0,0,7192
"S5_153",1,"CATTLE FARMING",3,0,0,0,0,7192
"S5_1574",1,"BAKERY""RINSTA CAKE""",3,0,1,1,2,7192
"S5_1577",1,"SELLING ""INOAC"" FOAM VIA ONLINE",3,0,0,0,0,7192
"S5_1577",2,"PRODUCTION AND SELLING OF SALT EGG CRACKERS, BANANA CRISPS, AND TEMPE CRISPS",3,0,0,0,0,7192
"S5_1597",1,"PADDY AGRICULTURE",1,19,0,1,20,7192
"S5_1640",1,"SEWING FOR CLOTHES SERVICE FOR SCHOOL UNIFORM, FOR FEMALE AND KIDS",3,0,0,0,0,7192
"S5_1646",1,"GROCERIES STORE ",3,0,0,1,1,7192
"S5_1709",1,"GROCERIES STORE ",3,0,0,1,1,7192
"S5_1714",1,"DECORATIVE PLANTS TRADING",3,0,0,1,1,7192
"S5_1729",1,"CATTLE FARMING",3,0,0,1,1,7192
"S5_1771",1,"DECORATION RENT SERVICE FOR WEDDING EVENTS",3,1,3,2,6,7192
"S5_1902",1,"TRANSPORTATION SERVICE FOR AGRICULTURE CROPS: SHALLOTS, CHILI, PADDY, CORN, USING PICK UP VEHICLE",3,0,0,1,1,7192
"S5_191",3,"SELLING SPRINGBED ""INOAC""",3,0,0,0,0,7192
"S5_191",2,"CATERING SERVICE ""MBOKETHEBIL""",3,0,0,0,0,7192
"S5_191",1,"FOOD STALL SELLING RICE BOX ""SEGO BERKAT MBOKETHEBIL""",3,4,2,0,6,7192
"S5_1919",1,"CATERING WULAN SNACK (SELLING SNACKS: CRISPS, TRADITIONAL CAKES: RISOLES, PASTEL)",3,1,1,1,3,7192
"S5_1991",2,"PADDY AGRICULTURE",2,4,0,4,8,7192
"S5_1991",1,"CHILI AGRICULTURE",2,0,0,4,4,7192
"S5_207",1,"GROCERIES STORE",3,0,0,1,1,7192
"S5_21",1,"STREET SELLING OF CLOTHES",3,0,0,1,1,7192
"S5_2174",1,"LAUNDRY SERVICE ""CAHAYA INDAH""",3,0,0,0,0,7192
"S5_2211",1,"STREET SELLING GORDYN",3,0,0,1,1,7192
"S5_2395",1,"PADDY AGRICULTURE",1,13,0,1,14,7192
"S5_244",1,"TEMPE PRODUCTION",1,0,0,1,1,7192
"S5_250",1,"CATERING SERVICE BY ORDER",1,0,4,2,6,7192
"S5_251",1,"MANUFACTURE OF LEATHER BAG",3,0,0,1,1,7192
"S5_2613",2,"SUGAR CANE AGRICULTURE",3,0,2,1,3,7192
"S5_2613",1,"PADDY AGRICULTURE",3,0,2,1,3,7192
"S5_2741",1,"SENGON WOOD MAINTENANCE SERVICE",3,0,5,1,6,7192
"S5_2741",2,"COFFEE PLANTATION",3,0,2,2,4,7192
"S5_2748",1,"STREET SEELING OF FRIED TOFU ",3,2,0,1,3,7192
"S5_279",1,"GROCERIES STALL AND VEGETABLES",1,0,0,1,1,7192
"S5_2965",1,"SELLING SNACKS IN SCHOOL CANTEEN",3,0,0,1,1,7192
"S5_30",1,"COFFEE SHOP",3,0,0,1,1,7192
"S5_3003",1,"PRODUCTION OF CRACKERS",3,6,2,0,8,7192
"S5_3022",1,"PADDY AGRICULTURE",3,0,17,2,19,7192
"S5_316",1,"STREET SELLING OF CRACKERS",3,0,0,1,1,7192
"S5_3206",2,"GROCERIES STORE",2,0,0,0,0,7192
"S5_3206",1,"CHICKEN FARMING",2,2,0,0,2,7192
"S5_3206",3,"MILLING SERVICE OF PADDY",2,0,2,0,2,7192
"S5_332",1,"PRODUCTION AND SELLING OF MEAT TOFU",1,0,0,1,1,7192
"S5_3406",1,"CATERING SERVICE",3,0,2,0,2,7192
"S5_376",1,"CATTLE FARMING",3,0,0,0,0,7192
"S5_385",1,"TRADITIONAL CLOTHES RENTAL SERVICE",3,0,0,0,0,7192
"S5_405",1,"CATERING SERVICE BY ORDER",3,0,0,1,1,7192
"S5_428",1,"SELLING BEVERAGES ",3,0,0,1,1,7192
"S5_438",1,"FATTENNING CATTLE BUSINESS",1,0,0,1,1,7192
"S5_450",1,"CATTLE FARMING",1,0,0,1,1,7192
"S5_463",1,"PADDY AGRICULTURE",1,0,9,2,11,7192
"S5_530",1,"FOOD STALL SELLING SEBLAK, SOSSIS, TEMPURA",1,0,0,3,3,7192
"S5_533",1,"PRODUCTION OF FRIED SHALLOTS SOLD TO THE MARKET",3,0,1,1,2,7192
"S5_54",1,"BULL FARMING",1,1,0,0,1,7192
"S5_547",2,"CORN AGRICULTURE",3,0,12,1,13,7192
"S5_547",1,"PADDY AGRICULTURE",3,0,22,1,23,7192
"S5_552",1,"HOME GASOLINE STATION (POM MINI)",3,0,0,2,2,7192
"S5_58",1,"PADDY AGRICULTURE",3,0,10,1,11,7192
"S5_598",1,"MINERAL WATER STORE ""AQUA HOME SERVICE""",3,0,2,0,2,7192
"S5_598",2,"PRODUCTION AND SELLING OF SALT EGGS",3,0,0,1,1,7192
"S5_601",1,"SEWING SERVICES FOR KEBAYA",3,0,0,0,0,7192
"S5_616",1,"CATERING SERVICE",3,1,1,2,4,7192
"S5_621",1,"SELLING CLOTHES VIA ONLINE",3,0,0,1,1,7192
"S5_623",1,"SELLING HOME APPLIANCES",3,0,0,0,0,7192
"S5_644",1,"FOOD STALL ""SEDERHANA""",1,0,0,1,1,7192
"S5_654",1,"BAKERY (DONUT, BOLU CAKE, TART CAKE, ETC)",3,0,0,2,2,7192
"S5_673",1,"SELLING BAG AND PARFUME VIA ONLINE",3,0,0,0,0,7192
"S5_680",1,"FAST FOOD STALL",3,1,0,0,1,7192
"S5_680",2,"FOOD STALL OF SATAY",3,1,0,0,1,7192
"S5_726",1,"TRADING OF USED ELECTRONIC EQUIPMENTS: TV, FAN, VCD AT HOME",1,0,0,0,0,7192
"S5_733",1,"WHOLESALE OF PALAWIJA, SUCH AS BEANS, CORN",1,0,1,1,2,7192
"S5_736",1,"TRADING VEGETABLES: PETAI, MELINJO, TEMU LAWAK IN THE MARKET",1,0,0,0,0,7192
"S5_746",1,"RETAIL OF STOVE'S ACCESSORIES: PIPE  ",3,0,0,0,0,7192
"S5_765",1,"BUSINESS ON TEAK WOOD ",3,0,4,1,5,7192
"S5_765",2,"RETAIL OF CHICKEN, DUCK, AND MEATS VIA ONLINE",3,0,0,0,0,7192
"S5_806",1,"CRACKERS SUPPLIER TO FOOD STALLS",3,0,0,2,2,7192
"S5_829",1,"CATERING SERVICE",3,0,2,4,6,7192
"S5_836",1,"HANDY TALKY (HT) REPAIRMENT SERVICE",3,0,0,0,0,7192
"S5_840",1,"COFFEE SHOP",1,0,0,1,1,7192
"S5_855",2,"FOOD STALL SELLING FOOD AND BEVERAGES",1,0,0,1,1,7192
"S5_855",1,"WHOLESALE OF CLOVES (TRADER)",1,0,0,1,1,7192
"S5_872",1,"AIRTIME TOPUP COUNTER ""RAJAWALI CELL""",3,1,0,0,1,7192
"S5_872",2,"LAUNDRY SERVICE ""LAUNDRY QUEEN""",3,2,0,0,2,7192
"S5_872",3,"CATERING SERVICE ""CATERING QUEEN FOOD""",3,1,2,0,3,7192
"S5_876",1,"ICE CUBE PRODUCTION",3,0,0,0,0,7192
"S5_88",1,"BEVERAGES STALL",1,0,0,1,1,7192
"S5_898",1,"FOOD STALL ""IBU NANIK""",3,0,1,2,3,7192
"S5_924",1,"""VANAME"" SHRIMP CULTIVATION",3,0,1,1,2,7192
"S5_972",1,"PRODUCTION OF TRADITIONAL CAKES SOLD TO STALLS",3,0,2,2,4,7192
"S5_988",2,"PRODUCTION OF WEAVEN SAROONG",2,0,0,0,0,7192
"S5_988",3,"ONLINE COSMETICS SELLING",3,0,0,1,1,7192
"S5_988",1,"SHALLOTS AGRICULTURE",2,0,0,1,1,7192
"S5_995",1,"PRODUCTION AND SELLING CHOCO CHIP ""CUWI""",3,0,0,0,0,7192
"S6_1057",1,"PADDY AGRICULTURE",3,0,4,1,5,13170
"S6_1149",1,"WELDING WORKSHOP",3,0,1,0,1,13170
"S6_1160",1,"MEUBELER",3,0,1,0,1,13170
"S6_1179",1,"PADDY AND CORN AGRICULTURE",3,0,0,1,1,13170
"S6_1184",1,"FOOD STALL",3,0,0,1,1,13170
"S6_1203",1,"SELLING MARTABAK IN A KIOSK",1,0,0,1,1,13170
"S6_1207",1,"QUAIL FARMING",3,0,0,3,3,13170
"S6_1210",1,"PACKING ENGINE REPAIRMENT SERVICES",1,0,0,0,0,13170
"S6_122",1,"RETAIL OF SNACK VIA ONLINE",1,0,0,0,0,13170
"S6_1221",1,"ELECTRONIC EQUIPMENTS REPAIRMENT SERVICES",3,0,2,0,2,13170
"S6_1228",1,"CAT FISH CULTIVATION",3,0,0,2,2,13170
"S6_125",1,"TRAVEL AGENT",1,2,0,0,2,13170
"S6_1319",2,"MASSAGE SERVICE",1,0,0,0,0,13170
"S6_1319",1,"PADDY AGRICULTURE",3,0,2,0,2,13170
"S6_1334",1,"PADDY AGRICULTURE",3,0,23,0,23,13170
"S6_1366",1,"VANAME SHRIMP CULTIVATION",3,0,3,1,4,13170
"S6_1372",1,"SOUND SYSTEM RENT SERVICE",3,0,2,0,2,13170
"S6_1372",2,"ELECTRONIC EQUIPMENTS SERVICE",3,0,0,0,0,13170
"S6_1381",1,"DUCK FARMING",3,0,0,0,0,13170
"S6_1406",2,"GROCERIES STALL",1,0,0,1,1,13170
"S6_1406",1,"FISHING TOOLS REPAIRMENT SERVICES",1,0,0,1,1,13170
"S6_1445",1,"SALT WATER FISHING USING BOAT",3,5,0,0,5,13170
"S6_145",1,"ICE CUBE PRODUCTION ",3,0,0,1,1,13170
"S6_1455",1,"ELECTRIC WELDING WORKSHOP",3,5,0,0,5,13170
"S6_1467",1,"HANDPHONE COUNTER",3,1,0,0,1,13170
"S6_1527",1,"RUKO RENT SERVICE",3,0,1,0,1,13170
"S6_153",1,"CHICKEN AND DUCK FARMING",3,0,0,2,2,13170
"S6_1548",1,"OJEK PUBLIC TRANSPORTATION",3,0,0,0,0,13170
"S6_1563",2,"CAT FISH CULTIVATION",3,0,0,1,1,13170
"S6_1563",1,"PADDY AGRICULTURE",3,0,2,0,2,13170
"S6_1564",1,"CHICKEN FARMING",3,0,0,1,1,13170
"S6_1566",1,"PADDY AGRICULTURE",3,0,14,3,17,13170
"S6_1570",1,"WHOLESALE OF PADDY AS ORDER",3,0,2,0,2,13170
"S6_1619",1,"SELLING SNACKS AND CAKES ",1,0,0,0,0,13170
"S6_1627",1,"AGRICULTURE INPUTS STORE",3,0,0,2,2,13170
"S6_1640",1,"PADDY AND TOBACCO AGRICULTURE",3,0,5,0,5,13170
"S6_1649",1,"HOUSE RENT FOR KOS",3,0,2,0,2,13170
"S6_1660",1,"GOAT FARMING",3,0,0,0,0,13170
"S6_1665",1,"GOAT FARMING",3,0,0,3,3,13170
"S6_1667",1,"PADDY AND CORN AGRICULTURE",2,0,12,2,14,13170
"S6_170",1,"SOUND SYSTEM RENTAL SERVICE",3,0,3,0,3,13170
"S6_1705",1,"SENGON SEEDING BUSINESS",3,4,0,1,5,13170
"S6_1729",1,"CATTLE FARMING",3,0,1,0,1,13170
"S6_1745",1,"STREET SELLING OF FISHES AND VEGETABLES",1,0,0,1,1,13170
"S6_1779",2,"TRADING USED MOTORCYCLE",3,0,0,0,0,13170
"S6_1779",1,"CAT FISH CULTIVATION",3,0,0,0,0,13170
"S6_1873",1,"MIDDLEMAN OF USED VEHICLE AND USED CELLPHONE",3,0,0,0,0,13170
"S6_1875",1,"PADDY AGRICULTURE",3,0,0,1,1,13170
"S6_19",1,"USED MOTORCYCLE TRADING",3,0,0,0,0,13170
"S6_1927",1,"MOLEN RENT FOR TRANSPORTING MATERIALS ",3,0,1,0,1,13170
"S6_1949",1,"WHOLESALE OF MANGO FROM FARMER TO RETAILER TRADER",3,0,10,1,11,13170
"S6_1971",1,"CHICKEN FARMING",3,0,0,1,1,13170
"S6_2150",1,"USED VEHICLE TRADING ",1,0,0,0,0,13170
"S6_2156",1,"COFFEE AND CLOVE PLANTATION",3,0,3,1,4,13170
"S6_2169",1,"CONSTRUCTION",1,8,7,0,15,13170
"S6_228",1,"PADDY AGRICULTURE",3,0,15,4,19,13170
"S6_2330",1,"TOBBACO PLANTATION",1,5,3,0,8,13170
"S6_2337",1,"ELECTRONIC EQUIPMENTS SERVICE: TV, ETC",1,0,0,0,0,13170
"S6_2338",1,"TRANSPORTATION RENT FOR MATERIALS",3,1,1,0,2,13170
"S6_2339",1,"SELLING SLIPPERS IN MARKET",3,0,0,1,1,13170
"S6_2443",2,"RETAIL OF CHICKEN IN HOME",3,0,0,0,0,13170
"S6_2443",1,"PADDY AGRICULTURE",3,0,3,7,10,13170
"S6_2468",1,"PRODUCTION OF STICKY BROOMS",3,0,0,2,2,13170
"S6_2492",2,"CHILI AGRICULTURE",3,0,3,0,3,13170
"S6_2492",1,"AVOCADO PLANTATION",3,0,4,0,4,13170
"S6_264",1,"PADDY AGRICULTURE",3,0,5,1,6,13170
"S6_2668",1,"CATERING FOR FOODS AND BEVERAGES",3,0,2,2,4,13170
"S6_269",1,"VEGETABLES AGRICULTURE",3,0,2,1,3,13170
"S6_282",1,"CHICKEN FARMING",3,0,0,1,1,13170
"S6_293",1,"GROCERIES STORE ",1,0,0,1,1,13170
"S6_356",1,"CASSAVA AGRICULTURE",3,0,3,0,3,13170
"S6_3989",1,"GROCERIES STORE ",1,0,0,1,1,13170
"S6_3996",1,"PADDY AGRICULTURE",3,0,19,3,22,13170
"S6_410",1,"USED MOTORCYCLE TRADING",1,0,0,0,0,13170
"S6_423",1,"CAT FISH CULTIVATION",3,0,0,1,1,13170
"S6_436",2,"AIRTIME TOPUP COUNTER",3,0,0,1,1,13170
"S6_436",1,"CAT FISH CULTIVATION",3,0,0,1,1,13170
"S6_456",1,"GROCERIES STORE AND SNACKS",1,0,0,2,2,13170
"S6_460",1,"MASSAGE SERVICE",3,0,0,0,0,13170
"S6_460",2,"KELENGKENG PLANTATION",3,0,1,0,1,13170
"S6_460",3,"MENTOG LIVESTOCK",3,0,0,2,2,13170
"S6_482",1,"PADDY AGRICULTURE",3,3,6,0,9,13170
"S6_509",1,"PRODUCTION OF SAROONG",3,0,0,0,0,13170
"S6_52",1,"PADDY AGRICULTURE",3,0,2,1,3,13170
"S6_54",1,"ORANGE PLANTATION WITH PROFIT SHARING MECHANISM",2,0,0,1,1,13170
"S6_546",1,"AGRICULTURE",3,4,10,2,16,13170
"S6_55",2,"CASSAVA AND COFFEE PLANTATION",3,0,0,1,1,13170
"S6_55",1,"GOAT FARMING",3,0,0,1,1,13170
"S6_650",1,"PADDY AGRICULTURE",3,0,2,1,3,13170
"S6_664",1,"PADDY AGRICULTURE",3,0,5,2,7,13170
"S6_679",1,"DUCK FARMING",3,0,0,1,1,13170
"S6_71",1,"PADDY AGRICULTURE",3,0,6,0,6,13170
"S6_717",1,"SELLING BIRD VIA ONLINE",3,0,0,0,0,13170
"S6_738",1,"PADDY AND TOBACCO AGRICULTURE",3,0,38,2,40,13170
"S6_770",1,"GOAT FARMING",3,0,0,1,1,13170
"S6_774",1,"CATTLE FARMING",3,0,0,1,1,13170
"S6_786",1,"CAR RENT SERVICE",3,0,2,0,2,13170
"S6_81",1,"CORN AGRICULTURE",3,0,4,1,5,13170
"S6_830",1,"RETAIL OH HP'S ACCESSORIES (CHASING) FROM HOME, VIA OFFLINE AND ONLINE",3,0,0,0,0,13170
"S6_932",1,"PADDY AGRICULTURE",3,0,23,2,25,13170
"S6_94",1,"FISH CULTIVATION",3,0,0,0,0,13170
"S6_944",1,"VIDEO SHOOTING AND PHOTOGRAPHER SERVICE",3,0,7,0,7,13170
"S6_96",1,"RETAIL OF VEGETABLES IN KIOSK IN MARKET",3,0,0,1,1,13170
"S6_972",1,"RETAIL OF CAT FISH FEED",3,0,0,0,0,13170
"S6_976",1,"PADDY AGRICULTURE",3,0,2,0,2,13170
"S7_12",1,"PRODUCTION AND SELLING OF CUMI SAMBAL DAN KELOTOK SAMBAL IN PACKAGE; WEDANG UWUH AND WEDANG POKAK ""CANDRA KARYA""",3,0,0,1,1,1236
"S7_30",1,"RETAIL OF CLOTHES AND HOME APPLIANCES",3,0,0,1,1,1236
"S7_33",1,"SELLING FROZEN FOODS",3,0,0,2,2,1236
"S7_61",1,"PADDY AGRICULTURE",3,17,3,1,21,1236
"S7_61",3,"CATTLE FARMING",3,0,0,0,0,1236
"S7_61",2,"PALAWIJA AGRICULTURE",3,0,0,0,0,1236
"S7_68",1,"AGRICULTURE KIOSKS (SELLING FERTILIZER AND PESTICIDE)",3,0,1,0,1,1236
"S7_79",1,"ELECTRIC EQUIPMENTS STORE: LAMPS, CABLE, ETC",3,0,0,1,1,1236
"S7_95",1,"RETAIL OF GASOLINE AND AIRTIME TOP UP FROM HOME",3,0,0,1,1,1236
"S8_116",1,"PADDY AGRICULTURE",3,0,15,0,15,2518
"S8_125",1,"PADDY AGRICULTURE",3,0,15,1,16,2518
"S8_189",1,"FOOD STALL OF CHICKEN NOODLES",1,0,2,1,3,2518
"S8_189",2,"CATTLE FARMING",1,0,0,0,0,2518
"S8_39",1,"CHICKEN FARMING",3,1,0,0,1,2518
"S8_53",1,"MIDDLEMAN OF VEHICLE TRADING",3,0,0,0,0,2518
"S8_7",1,"PADDY AGRICULTURE",3,0,3,1,4,2518
"S8_90",1,"AIRTIME TOPUP COUNTER",1,0,0,0,0,2518
"S9_12",1,"HOUSE RENT FOR KOS",3,0,0,0,0,998
"S9_21",1,"CATERING SERVICE",3,0,1,0,1,998
"S9_21",2,"BANK MANDIRI AGENT",3,0,0,0,0,998
"S9_30",3,"STATION OF GASOLINE PERTAMINI",1,1,0,0,1,998
"S9_30",1,"CLOTHES STORE",3,2,0,0,2,998
"S9_30",2,"REFILL OF MINERAL WATER",3,1,0,0,1,998
"S9_41",1,"FOOD STALL SELLING FOOD AND BEVERAGES IN HOME",3,0,0,2,2,998
"S9_43",1,"HOME APPLIANCES STORE: BOWL, PAN, BROOM, ETC",3,4,0,0,4,998
"S9_43",2,"RETAIL OF DAILY NEEDS: CLOTHES, HANDPHONE, BAGS, BVIA CREDIT FROM HOME",3,0,0,0,0,998
"S9_54",1,"PRODUCTION OF DACRON PILLOW",3,0,0,1,1,998
"S9_61",1,"PRODUCTION OF TRADITIONAL CAKES SOLD TO STALLS",3,0,0,0,0,998
